instance,n,v,objective,bf_optimum,lp_lb,lp_ratio,milp_value,milp_status,milp_time_ms,sound,milp_matches_bf
problems/1_1/0_1767711946895.json,1,1,DISTANCE,504.501729,504.501729,1.000000,504.501729,OPTIMAL,1,true,true
problems/1_1/0_1767711946895.json,1,1,PRICE,1067.584945,1067.584945,1.000000,1067.584945,OPTIMAL,0,true,true
problems/1_1/1_1767711946895.json,1,1,DISTANCE,197.748871,197.748871,1.000000,197.748871,OPTIMAL,0,true,true
problems/1_1/1_1767711946895.json,1,1,PRICE,203.697495,203.697495,1.000000,203.697495,OPTIMAL,0,true,true
problems/1_1/2_1767711946895.json,1,1,DISTANCE,1600.560575,1600.560575,1.000000,1600.560575,OPTIMAL,0,true,true
problems/1_1/2_1767711946895.json,1,1,PRICE,1746.903724,1746.903724,1.000000,1746.903724,OPTIMAL,0,true,true
problems/1_1/3_1767711946895.json,1,1,DISTANCE,3152.909411,3152.909411,1.000000,3152.909411,OPTIMAL,0,true,true
problems/1_1/3_1767711946895.json,1,1,PRICE,3826.560037,3826.560037,1.000000,3826.560037,OPTIMAL,0,true,true
problems/1_1/4_1767711946895.json,1,1,DISTANCE,714.713526,714.713526,1.000000,714.713526,OPTIMAL,0,true,true
problems/1_1/4_1767711946895.json,1,1,PRICE,1908.001605,1908.001605,1.000000,1908.001605,OPTIMAL,0,true,true
problems/1_1/5_1767711946895.json,1,1,DISTANCE,882.791844,882.791844,1.000000,882.791844,OPTIMAL,0,true,true
problems/1_1/5_1767711946895.json,1,1,PRICE,1840.341656,1840.341656,1.000000,1840.341656,OPTIMAL,0,true,true
problems/1_1/6_1767711946895.json,1,1,DISTANCE,380.753913,380.753913,1.000000,380.753913,OPTIMAL,0,true,true
problems/1_1/6_1767711946895.json,1,1,PRICE,995.506187,995.506187,1.000000,995.506187,OPTIMAL,0,true,true
problems/1_1/7_1767711946895.json,1,1,DISTANCE,703.177373,703.177373,1.000000,703.177373,OPTIMAL,0,true,true
problems/1_1/7_1767711946895.json,1,1,PRICE,743.902945,743.902945,1.000000,743.902945,OPTIMAL,0,true,true
problems/1_1/8_1767711946895.json,1,1,DISTANCE,590.513920,590.513920,1.000000,590.513920,OPTIMAL,0,true,true
problems/1_1/8_1767711946895.json,1,1,PRICE,625.005203,625.005203,1.000000,625.005203,OPTIMAL,0,true,true
problems/1_1/9_1767711946895.json,1,1,DISTANCE,423.634521,423.634521,1.000000,423.634521,OPTIMAL,0,true,true
problems/1_1/9_1767711946895.json,1,1,PRICE,1000.120471,1000.120471,1.000000,1000.120471,OPTIMAL,0,true,true
problems/1_2/0_1767711946895.json,2,1,DISTANCE,2796.390180,2592.159229,0.926966,2796.390180,OPTIMAL,8,true,true
problems/1_2/0_1767711946895.json,2,1,PRICE,4205.762251,3898.599526,0.926966,4205.762251,OPTIMAL,6,true,true
problems/1_2/1_1767711946895.json,2,1,DISTANCE,1690.838310,1611.193851,0.952896,1690.838310,OPTIMAL,7,true,true
problems/1_2/1_1767711946895.json,2,1,PRICE,3330.477136,3173.599895,0.952896,3330.477136,OPTIMAL,6,true,true
problems/1_2/2_1767711946895.json,2,1,DISTANCE,2962.542237,2213.791144,0.747261,2962.542237,OPTIMAL,5,true,true
problems/1_2/2_1767711946895.json,2,1,PRICE,8530.513636,6374.516894,0.747261,8530.513636,OPTIMAL,5,true,true
problems/1_2/3_1767711946895.json,2,1,DISTANCE,2766.660335,2548.782161,0.921249,2766.660335,OPTIMAL,5,true,true
problems/1_2/3_1767711946895.json,2,1,PRICE,8100.350959,7462.437568,0.921249,8100.350959,OPTIMAL,4,true,true
problems/1_2/4_1767711946895.json,2,1,DISTANCE,1445.284095,1234.875502,0.854417,1445.284095,OPTIMAL,5,true,true
problems/1_2/4_1767711946895.json,2,1,PRICE,2649.420876,2263.710605,0.854417,2649.420876,OPTIMAL,4,true,true
problems/1_2/5_1767711946895.json,2,1,DISTANCE,673.341766,616.269292,0.915240,673.341766,OPTIMAL,4,true,true
problems/1_2/5_1767711946895.json,2,1,PRICE,2000.953665,1831.352755,0.915240,2000.953665,OPTIMAL,4,true,true
problems/1_2/6_1767711946895.json,2,1,DISTANCE,1276.572669,1237.222139,0.969175,1276.572669,OPTIMAL,4,true,true
problems/1_2/6_1767711946895.json,2,1,PRICE,1454.238680,1409.411571,0.969175,1454.238680,OPTIMAL,5,true,true
problems/1_2/7_1767711946895.json,2,1,DISTANCE,1106.299967,805.681634,0.728267,1106.299967,OPTIMAL,4,true,true
problems/1_2/7_1767711946895.json,2,1,PRICE,2630.044040,1915.373986,0.728267,2630.044040,OPTIMAL,4,true,true
problems/1_2/8_1767711946895.json,2,1,DISTANCE,1811.872878,1342.067682,0.740707,1811.872878,OPTIMAL,4,true,true
problems/1_2/8_1767711946895.json,2,1,PRICE,2179.401020,1614.298503,0.740707,2179.401020,OPTIMAL,4,true,true
problems/1_2/9_1767711946895.json,2,1,DISTANCE,1120.404474,823.444482,0.734953,1120.404474,OPTIMAL,5,true,true
problems/1_2/9_1767711946895.json,2,1,PRICE,2212.497473,1626.081363,0.734953,2212.497473,OPTIMAL,5,true,true
problems/1_3/0_1767711946895.json,3,1,DISTANCE,2423.919550,1891.902219,0.780514,2423.919550,OPTIMAL,6,true,true
problems/1_3/0_1767711946895.json,3,1,PRICE,4818.079125,3760.576372,0.780514,4818.079125,OPTIMAL,6,true,true
problems/1_3/1_1767711946895.json,3,1,DISTANCE,2071.253007,543.913688,0.262601,2071.253007,OPTIMAL,40,true,true
problems/1_3/1_1767711946895.json,3,1,PRICE,2525.008568,663.070479,0.262601,2525.008568,OPTIMAL,40,true,true
problems/1_3/2_1767711946895.json,3,1,DISTANCE,1358.886797,1097.667744,0.807770,1358.886797,OPTIMAL,4,true,true
problems/1_3/2_1767711946895.json,3,1,PRICE,3489.581213,2818.778391,0.807770,3489.581213,OPTIMAL,4,true,true
problems/1_3/3_1767711946895.json,3,1,DISTANCE,1549.106869,1054.149427,0.680489,1549.106869,OPTIMAL,41,true,true
problems/1_3/3_1767711946895.json,3,1,PRICE,2466.052113,1678.120130,0.680489,2466.052113,OPTIMAL,36,true,true
problems/1_3/4_1767711946895.json,3,1,DISTANCE,1689.237059,1366.421620,0.808899,1689.237059,OPTIMAL,9,true,true
problems/1_3/4_1767711946895.json,3,1,PRICE,3685.715637,2981.370496,0.808899,3685.715637,OPTIMAL,9,true,true
problems/1_3/5_1767711946895.json,3,1,DISTANCE,2066.607521,1474.967084,0.713714,2066.607521,OPTIMAL,39,true,true
problems/1_3/5_1767711946895.json,3,1,PRICE,3267.786360,2332.265449,0.713714,3267.786360,OPTIMAL,37,true,true
problems/1_3/6_1767711946895.json,3,1,DISTANCE,1207.474263,1131.088134,0.936739,1207.474263,OPTIMAL,12,true,true
problems/1_3/6_1767711946895.json,3,1,PRICE,2468.912352,2312.726283,0.936739,2468.912352,OPTIMAL,11,true,true
problems/1_3/7_1767711946895.json,3,1,DISTANCE,1070.999514,780.178645,0.728458,1070.999514,OPTIMAL,16,true,true
problems/1_3/7_1767711946895.json,3,1,PRICE,1901.412084,1385.099696,0.728458,1901.412084,OPTIMAL,15,true,true
problems/1_3/8_1767711946895.json,3,1,DISTANCE,4208.567234,3205.686490,0.761705,4208.567234,OPTIMAL,23,true,true
problems/1_3/8_1767711946895.json,3,1,PRICE,9806.865662,7469.938109,0.761705,9806.865662,OPTIMAL,32,true,true
problems/1_3/9_1767711946895.json,3,1,DISTANCE,3411.222240,2906.806308,0.852130,3411.222240,OPTIMAL,13,true,true
problems/1_3/9_1767711946895.json,3,1,PRICE,7624.889858,6497.400748,0.852130,7624.889858,OPTIMAL,13,true,true
problems/1_4/0_1767711946895.json,4,1,DISTANCE,1665.382685,1337.405678,0.803062,1665.382685,OPTIMAL,44,true,true
problems/1_4/0_1767711946895.json,4,1,PRICE,3783.941747,3038.740120,0.803062,3783.941747,OPTIMAL,42,true,true
problems/1_4/1_1767711946895.json,4,1,DISTANCE,1973.469349,1473.634274,0.746723,1973.469349,OPTIMAL,27,true,true
problems/1_4/1_1767711946895.json,4,1,PRICE,5564.008261,4154.771026,0.746723,5564.008261,OPTIMAL,27,true,true
problems/1_4/2_1767711946895.json,4,1,DISTANCE,3239.588278,2373.731130,0.732726,3239.588278,OPTIMAL,292,true,true
problems/1_4/2_1767711946895.json,4,1,PRICE,4876.189268,3572.911515,0.732726,4876.189268,OPTIMAL,227,true,true
problems/1_4/3_1767711946895.json,4,1,DISTANCE,1489.373037,1058.378517,0.710620,1489.373037,OPTIMAL,155,true,true
problems/1_4/3_1767711946895.json,4,1,PRICE,3596.828493,2555.978868,0.710620,3596.828493,OPTIMAL,188,true,true
problems/1_4/4_1767711946895.json,4,1,DISTANCE,1183.708129,917.963613,0.775498,1183.708129,OPTIMAL,14,true,true
problems/1_4/4_1767711946895.json,4,1,PRICE,3287.933917,2549.787085,0.775498,3287.933917,OPTIMAL,13,true,true
problems/1_4/5_1767711946895.json,4,1,DISTANCE,1830.039483,1360.074237,0.743194,1830.039483,OPTIMAL,12,true,true
problems/1_4/5_1767711946895.json,4,1,PRICE,2760.335957,2051.464930,0.743194,2760.335957,OPTIMAL,12,true,true
problems/1_4/6_1767711946895.json,4,1,DISTANCE,1534.497638,641.644936,0.418147,1534.497638,OPTIMAL,337,true,true
problems/1_4/6_1767711946895.json,4,1,PRICE,4153.253550,1736.668758,0.418147,4153.253550,OPTIMAL,308,true,true
problems/1_4/7_1767711946895.json,4,1,DISTANCE,2304.625070,2077.249584,0.901339,2304.625070,OPTIMAL,110,true,true
problems/1_4/7_1767711946895.json,4,1,PRICE,3930.437486,3542.658517,0.901339,3930.437486,OPTIMAL,93,true,true
problems/1_4/8_1767711946895.json,4,1,DISTANCE,2622.995581,2622.995581,1.000000,2622.995581,OPTIMAL,5,true,true
problems/1_4/8_1767711946895.json,4,1,PRICE,3662.854764,3662.854764,1.000000,3662.854764,OPTIMAL,4,true,true
problems/1_4/9_1767711946895.json,4,1,DISTANCE,3115.868570,1902.498487,0.610584,3115.868570,OPTIMAL,338,true,true
problems/1_4/9_1767711946895.json,4,1,PRICE,7656.030492,4674.647245,0.610584,7656.030492,OPTIMAL,390,true,true
problems/1_5/0_1767711946895.json,5,1,DISTANCE,1987.875908,1514.077546,0.761656,1987.875908,OPTIMAL,54,true,true
problems/1_5/0_1767711946895.json,5,1,PRICE,4130.291641,3145.861272,0.761656,4130.291641,OPTIMAL,38,true,true
problems/1_5/1_1767711946895.json,5,1,DISTANCE,2209.702184,1619.885222,0.733079,2209.702184,OPTIMAL,356,true,true
problems/1_5/1_1767711946895.json,5,1,PRICE,3935.219919,2884.825221,0.733079,3935.219919,OPTIMAL,637,true,true
problems/1_5/2_1767711946895.json,5,1,DISTANCE,2256.841224,1807.451813,0.800877,2256.841224,OPTIMAL,52,true,true
problems/1_5/2_1767711946895.json,5,1,PRICE,3264.641811,2614.575937,0.800877,3264.641811,OPTIMAL,60,true,true
problems/1_5/3_1767711946895.json,5,1,DISTANCE,1719.511927,689.164919,0.400791,1719.511927,OPTIMAL,3679,true,true
problems/1_5/3_1767711946895.json,5,1,PRICE,3487.608410,1397.802090,0.400791,3487.608410,OPTIMAL,5602,true,true
problems/1_5/4_1767711946895.json,5,1,DISTANCE,2238.639883,1738.708167,0.776681,2238.639883,OPTIMAL,76,true,true
problems/1_5/4_1767711946895.json,5,1,PRICE,3269.030754,2538.992767,0.776681,3269.030754,OPTIMAL,114,true,true
problems/1_5/5_1767711946895.json,5,1,DISTANCE,4134.021786,2800.919155,0.677529,4134.021786,OPTIMAL,748,true,true
problems/1_5/5_1767711946895.json,5,1,PRICE,8983.827887,6086.802855,0.677529,8983.827887,OPTIMAL,707,true,true
problems/1_5/6_1767711946895.json,5,1,DISTANCE,3550.795682,2615.684185,0.736647,3550.795682,OPTIMAL,1764,true,true
problems/1_5/6_1767711946895.json,5,1,PRICE,5179.415929,3815.402953,0.736647,5179.415929,OPTIMAL,2094,true,true
problems/1_5/7_1767711946895.json,5,1,DISTANCE,3295.455487,1916.565253,0.581578,3295.455487,OPTIMAL,2500,true,true
problems/1_5/7_1767711946895.json,5,1,PRICE,6733.532264,3916.075947,0.581578,6733.532264,OPTIMAL,3009,true,true
problems/1_5/8_1767711946895.json,5,1,DISTANCE,1880.816873,1188.185628,0.631739,1880.816873,OPTIMAL,16,true,true
problems/1_5/8_1767711946895.json,5,1,PRICE,5463.943609,3451.787021,0.631739,5463.943609,OPTIMAL,13,true,true
problems/1_5/9_1767711946895.json,5,1,DISTANCE,3997.083237,3109.293884,0.777891,3997.083237,OPTIMAL,583,true,true
problems/1_5/9_1767711946895.json,5,1,PRICE,6043.863554,4701.465260,0.777891,6043.863554,OPTIMAL,621,true,true
problems/1_6/0_1767711946895.json,6,1,DISTANCE,4366.533704,3295.006528,0.754605,4366.533704,OPTIMAL,10128,true,true
problems/1_6/0_1767711946895.json,6,1,PRICE,11462.760442,8649.852045,0.754605,11462.760442,OPTIMAL,8895,true,true
problems/1_6/1_1767711946895.json,6,1,DISTANCE,2596.733150,1402.514317,0.540107,2596.733150,OPTIMAL,873,true,true
problems/1_6/1_1767711946895.json,6,1,PRICE,6898.763868,3726.072159,0.540107,6898.763868,OPTIMAL,807,true,true
problems/1_6/2_1767711946895.json,6,1,DISTANCE,2632.355820,2097.944932,0.796984,2632.355820,OPTIMAL,244,true,true
problems/1_6/2_1767711946895.json,6,1,PRICE,6361.840286,5070.283616,0.796984,6361.840286,OPTIMAL,245,true,true
problems/1_6/3_1767711946895.json,6,1,DISTANCE,3980.438300,3178.383465,0.798501,3980.438300,OPTIMAL,733,true,true
problems/1_6/3_1767711946895.json,6,1,PRICE,11119.114108,8878.622344,0.798501,11119.114108,OPTIMAL,876,true,true
problems/1_6/4_1767711946895.json,6,1,DISTANCE,1515.502763,1051.797595,0.694026,1515.502763,OPTIMAL,130,true,true
problems/1_6/4_1767711946895.json,6,1,PRICE,2565.678576,1780.646411,0.694026,2565.678576,OPTIMAL,118,true,true
problems/1_6/5_1767711946895.json,6,1,DISTANCE,3218.514492,2729.049871,0.847922,3218.514492,OPTIMAL,26,true,true
problems/1_6/5_1767711946895.json,6,1,PRICE,6446.356052,5466.008370,0.847922,6446.356052,OPTIMAL,88,true,true
problems/1_6/6_1767711946895.json,6,1,DISTANCE,3303.949048,2626.314033,0.794901,3303.949048,OPTIMAL,654,true,true
problems/1_6/6_1767711946895.json,6,1,PRICE,7889.143466,6271.091925,0.794901,7889.143466,OPTIMAL,978,true,true
problems/1_6/7_1767711946895.json,6,1,DISTANCE,2604.723682,1289.169190,0.494935,2604.723682,OPTIMAL,1033,true,true
problems/1_6/7_1767711946895.json,6,1,PRICE,6125.222844,3031.587815,0.494935,6125.222844,OPTIMAL,1123,true,true
problems/1_6/8_1767711946895.json,6,1,DISTANCE,2786.897385,1997.860975,0.716876,2786.897385,OPTIMAL,1901,true,true
problems/1_6/8_1767711946895.json,6,1,PRICE,4024.401257,2884.998301,0.716876,4024.401257,OPTIMAL,2878,true,true
problems/1_6/9_1767711946895.json,6,1,DISTANCE,2127.878506,1442.959085,0.678121,2127.878506,OPTIMAL,1168,true,true
problems/1_6/9_1767711946895.json,6,1,PRICE,3938.865615,2671.027461,0.678121,3938.865615,OPTIMAL,956,true,true
problems/1_7/0_1767711946895.json,7,1,DISTANCE,2675.245326,2136.036154,0.798445,2675.245326,OPTIMAL,1214,true,true
problems/1_7/0_1767711946895.json,7,1,PRICE,2808.806314,2242.677252,0.798445,2808.806314,OPTIMAL,1204,true,true
problems/1_7/1_1767711946895.json,7,1,DISTANCE,1588.326255,1001.797656,0.630725,1588.326255,OPTIMAL,1140,true,true
problems/1_7/1_1767711946895.json,7,1,PRICE,4041.737592,2549.226414,0.630725,4041.737592,OPTIMAL,1025,true,true
problems/1_7/2_1767711946895.json,7,1,DISTANCE,2520.877356,1506.882980,0.597761,2520.877356,OPTIMAL,2146,true,true
problems/1_7/2_1767711946895.json,7,1,PRICE,4024.192096,2405.506385,0.597761,4024.192096,OPTIMAL,2355,true,true
problems/1_7/3_1767711946895.json,7,1,DISTANCE,3391.123579,1972.069810,0.581539,3391.123579,OPTIMAL,1082,true,true
problems/1_7/3_1767711946895.json,7,1,PRICE,7194.730744,4184.014814,0.581539,7194.730744,OPTIMAL,1100,true,true
problems/1_7/4_1767711946895.json,7,1,DISTANCE,1979.631656,1239.809557,0.626283,1979.631656,OPTIMAL,2924,true,true
problems/1_7/4_1767711946895.json,7,1,PRICE,2880.296349,1803.880500,0.626283,2880.296349,OPTIMAL,2624,true,true
problems/1_7/5_1767711946895.json,7,1,DISTANCE,2118.313213,1437.338141,0.678530,2118.313213,OPTIMAL,2535,true,true
problems/1_7/5_1767711946895.json,7,1,PRICE,4655.155479,3158.660617,0.678530,4655.155479,OPTIMAL,2585,true,true
problems/1_7/6_1767711946895.json,7,1,DISTANCE,2664.012118,2208.844070,0.829142,2664.012118,OPTIMAL,1826,true,true
problems/1_7/6_1767711946895.json,7,1,PRICE,6410.451530,5315.173964,0.829142,6410.451530,OPTIMAL,1887,true,true
problems/1_7/7_1767711946895.json,7,1,DISTANCE,4093.027016,3111.095936,0.760097,4093.027016,OPTIMAL,1103,true,true
problems/1_7/7_1767711946895.json,7,1,PRICE,11303.109932,8591.455478,0.760097,11303.109932,OPTIMAL,1405,true,true
problems/1_7/8_1767711946895.json,7,1,DISTANCE,2826.402303,2261.831460,0.800251,2826.402303,OPTIMAL,672,true,true
problems/1_7/8_1767711946895.json,7,1,PRICE,6362.830347,5091.861777,0.800251,6362.830347,OPTIMAL,850,true,true
problems/1_7/9_1767711946895.json,7,1,DISTANCE,3043.799231,2236.063788,0.734629,3043.799231,OPTIMAL,2234,true,true
problems/1_7/9_1767711946895.json,7,1,PRICE,7765.873716,5705.037579,0.734629,7765.873716,OPTIMAL,1847,true,true
problems/2_1/0_1767711946895.json,1,2,DISTANCE,812.047425,749.356403,0.922799,812.047425,OPTIMAL,0,true,true
problems/2_1/0_1767711946895.json,1,2,PRICE,1103.399527,1100.451693,0.997328,1103.399527,OPTIMAL,5,true,true
problems/2_1/1_1767711946895.json,1,2,DISTANCE,571.825874,87.253039,0.152587,571.825874,OPTIMAL,5,true,true
problems/2_1/1_1767711946895.json,1,2,PRICE,598.825964,129.230786,0.215807,598.825964,OPTIMAL,5,true,true
problems/2_1/2_1767711946895.json,1,2,DISTANCE,252.726576,252.726576,1.000000,252.726576,OPTIMAL,0,true,true
problems/2_1/2_1767711946895.json,1,2,PRICE,527.895688,527.895688,1.000000,527.895688,OPTIMAL,0,true,true
problems/2_1/3_1767711946895.json,1,2,DISTANCE,803.172659,803.172659,1.000000,803.172659,OPTIMAL,0,true,true
problems/2_1/3_1767711946895.json,1,2,PRICE,1156.732670,1156.732670,1.000000,1156.732670,OPTIMAL,0,true,true
problems/2_1/4_1767711946895.json,1,2,DISTANCE,203.179951,203.179951,1.000000,203.179951,OPTIMAL,5,true,true
problems/2_1/4_1767711946895.json,1,2,PRICE,521.253868,416.083059,0.798235,521.253868,OPTIMAL,5,true,true
problems/2_1/5_1767711946895.json,1,2,DISTANCE,389.122861,119.289519,0.306560,389.122861,OPTIMAL,5,true,true
problems/2_1/5_1767711946895.json,1,2,PRICE,462.683776,229.381356,0.495763,462.683776,OPTIMAL,5,true,true
problems/2_1/6_1767711946895.json,1,2,DISTANCE,565.947611,212.068881,0.374715,565.947611,OPTIMAL,5,true,true
problems/2_1/6_1767711946895.json,1,2,PRICE,1219.620868,434.640036,0.356373,1219.620868,OPTIMAL,0,true,true
problems/2_1/7_1767711946895.json,1,2,DISTANCE,995.392968,729.480800,0.732857,995.392968,OPTIMAL,0,true,true
problems/2_1/7_1767711946895.json,1,2,PRICE,1875.325952,1423.152439,0.758883,1875.325952,OPTIMAL,0,true,true
problems/2_1/8_1767711946895.json,1,2,DISTANCE,1074.134529,1074.134529,1.000000,1074.134529,OPTIMAL,0,true,true
problems/2_1/8_1767711946895.json,1,2,PRICE,1843.443317,1843.443317,1.000000,1843.443317,OPTIMAL,0,true,true
problems/2_1/9_1767711946895.json,1,2,DISTANCE,1678.668189,1547.491988,0.921857,1678.668189,OPTIMAL,5,true,true
problems/2_1/9_1767711946895.json,1,2,PRICE,2578.521806,2535.889077,0.983466,2578.521806,OPTIMAL,5,true,true
problems/2_2/0_1767711946895.json,2,2,DISTANCE,1031.750257,849.832458,0.823680,1031.750257,OPTIMAL,6,true,true
problems/2_2/0_1767711946895.json,2,2,PRICE,1784.870182,1598.528962,0.895600,1784.870182,OPTIMAL,11,true,true
problems/2_2/1_1767711946895.json,2,2,DISTANCE,648.367940,434.966043,0.670863,648.367940,OPTIMAL,5,true,true
problems/2_2/1_1767711946895.json,2,2,PRICE,748.992312,601.838802,0.803531,748.992312,OPTIMAL,4,true,true
problems/2_2/2_1767711946895.json,2,2,DISTANCE,734.502945,502.033867,0.683502,734.502945,OPTIMAL,10,true,true
problems/2_2/2_1767711946895.json,2,2,PRICE,1179.735114,837.185349,0.709638,1179.735114,OPTIMAL,5,true,true
problems/2_2/3_1767711946895.json,2,2,DISTANCE,1207.302565,905.316431,0.749867,1207.302565,OPTIMAL,9,true,true
problems/2_2/3_1767711946895.json,2,2,PRICE,3388.264992,2427.174394,0.716347,3388.264992,OPTIMAL,15,true,true
problems/2_2/4_1767711946895.json,2,2,DISTANCE,1077.818585,586.416817,0.544077,1077.818585,OPTIMAL,7,true,true
problems/2_2/4_1767711946895.json,2,2,PRICE,1734.348328,1079.402626,0.622368,1734.348328,OPTIMAL,7,true,true
problems/2_2/5_1767711946895.json,2,2,DISTANCE,1275.963515,1110.687519,0.870470,1275.963515,OPTIMAL,5,true,true
problems/2_2/5_1767711946895.json,2,2,PRICE,1625.415249,1451.225416,0.892834,1625.415249,OPTIMAL,5,true,true
problems/2_2/6_1767711946895.json,2,2,DISTANCE,1384.089348,1139.965112,0.823621,1384.089348,OPTIMAL,6,true,true
problems/2_2/6_1767711946895.json,2,2,PRICE,2001.151924,1652.062805,0.825556,2001.151924,OPTIMAL,5,true,true
problems/2_2/7_1767711946895.json,2,2,DISTANCE,1739.287724,1385.569346,0.796630,1739.287724,OPTIMAL,11,true,true
problems/2_2/7_1767711946895.json,2,2,PRICE,4029.535458,3351.502327,0.831734,4029.535458,OPTIMAL,4,true,true
problems/2_2/8_1767711946895.json,2,2,DISTANCE,305.065509,214.052746,0.701662,305.065509,OPTIMAL,9,true,true
problems/2_2/8_1767711946895.json,2,2,PRICE,775.541772,451.028751,0.581566,775.541772,OPTIMAL,10,true,true
problems/2_2/9_1767711946895.json,2,2,DISTANCE,1157.257082,681.633459,0.589008,1157.257082,OPTIMAL,13,true,true
problems/2_2/9_1767711946895.json,2,2,PRICE,2148.038547,1284.692597,0.598077,2148.038547,OPTIMAL,10,true,true
problems/2_3/0_1767711946895.json,3,2,DISTANCE,1554.255610,960.360570,0.617891,1554.255610,OPTIMAL,201,true,true
problems/2_3/0_1767711946895.json,3,2,PRICE,1937.625596,1225.255388,0.632349,1937.625596,OPTIMAL,77,true,true
problems/2_3/1_1767711946895.json,3,2,DISTANCE,2306.394222,758.737780,0.328971,2306.394222,OPTIMAL,62,true,true
problems/2_3/1_1767711946895.json,3,2,PRICE,4607.894653,1489.576467,0.323266,4607.894653,OPTIMAL,37,true,true
problems/2_3/2_1767711946895.json,3,2,DISTANCE,1591.366352,1054.588507,0.662694,1591.366352,OPTIMAL,36,true,true
problems/2_3/2_1767711946895.json,3,2,PRICE,1749.965273,1174.426667,0.671114,1749.965273,OPTIMAL,16,true,true
problems/2_3/3_1767711946895.json,3,2,DISTANCE,1491.845820,709.815778,0.475797,1491.845820,OPTIMAL,12,true,true
problems/2_3/3_1767711946895.json,3,2,PRICE,3484.109655,1675.344453,0.480853,3484.109655,OPTIMAL,11,true,true
problems/2_3/4_1767711946895.json,3,2,DISTANCE,1244.094642,1197.090363,0.962218,1244.094642,OPTIMAL,6,true,true
problems/2_3/4_1767711946895.json,3,2,PRICE,1630.505042,1573.717367,0.965172,1630.505042,OPTIMAL,11,true,true
problems/2_3/5_1767711946895.json,3,2,DISTANCE,1614.267472,1418.110802,0.878486,1614.267472,OPTIMAL,9,true,true
problems/2_3/5_1767711946895.json,3,2,PRICE,2887.152479,2266.432868,0.785006,2887.152479,OPTIMAL,47,true,true
problems/2_3/6_1767711946895.json,3,2,DISTANCE,665.802868,445.596227,0.669262,665.802868,OPTIMAL,86,true,true
problems/2_3/6_1767711946895.json,3,2,PRICE,1119.986125,804.290387,0.718125,1119.986125,OPTIMAL,63,true,true
problems/2_3/7_1767711946895.json,3,2,DISTANCE,1054.171742,581.269955,0.551400,1054.171742,OPTIMAL,85,true,true
problems/2_3/7_1767711946895.json,3,2,PRICE,1679.509189,942.065972,0.560917,1679.509189,OPTIMAL,60,true,true
problems/2_3/8_1767711946895.json,3,2,DISTANCE,2322.387423,1743.254251,0.750630,2322.387423,OPTIMAL,191,true,true
problems/2_3/8_1767711946895.json,3,2,PRICE,2478.165415,1874.240110,0.756301,2478.165415,OPTIMAL,148,true,true
problems/2_3/9_1767711946895.json,3,2,DISTANCE,1665.718446,1184.226043,0.710940,1665.718446,OPTIMAL,73,true,true
problems/2_3/9_1767711946895.json,3,2,PRICE,2842.039623,2028.073045,0.713598,2842.039623,OPTIMAL,47,true,true
problems/2_4/0_1767711946895.json,4,2,DISTANCE,875.048456,430.803421,0.492320,875.048456,OPTIMAL,48,true,true
problems/2_4/0_1767711946895.json,4,2,PRICE,1531.453869,656.725450,0.428825,1531.453869,OPTIMAL,89,true,true
problems/2_4/1_1767711946895.json,4,2,DISTANCE,1153.471515,856.525908,0.742564,1153.471515,OPTIMAL,55,true,true
problems/2_4/1_1767711946895.json,4,2,PRICE,1728.341350,1273.013921,0.736552,1728.341350,OPTIMAL,132,true,true
problems/2_4/2_1767711946895.json,4,2,DISTANCE,2030.510798,1525.137806,0.751110,2030.510798,OPTIMAL,232,true,true
problems/2_4/2_1767711946895.json,4,2,PRICE,5566.664053,4126.155902,0.741226,5566.664053,OPTIMAL,204,true,true
problems/2_4/3_1767711946895.json,4,2,DISTANCE,1636.189586,1086.513968,0.664051,1636.189586,OPTIMAL,79,true,true
problems/2_4/3_1767711946895.json,4,2,PRICE,2183.784728,1288.988450,0.590254,2183.784728,OPTIMAL,163,true,true
problems/2_4/4_1767711946895.json,4,2,DISTANCE,944.066874,861.423101,0.912460,944.066874,OPTIMAL,18,true,true
problems/2_4/4_1767711946895.json,4,2,PRICE,2262.570174,2068.330899,0.914151,2262.570174,OPTIMAL,17,true,true
problems/2_4/5_1767711946895.json,4,2,DISTANCE,2119.575068,1081.866172,0.510417,2119.575068,OPTIMAL,789,true,true
problems/2_4/5_1767711946895.json,4,2,PRICE,4081.926109,1953.257848,0.478514,4081.926109,OPTIMAL,1021,true,true
problems/2_4/6_1767711946895.json,4,2,DISTANCE,2209.397895,1364.402371,0.617545,2209.397895,OPTIMAL,251,true,true
problems/2_4/6_1767711946895.json,4,2,PRICE,2600.434991,1714.578692,0.659343,2600.434991,OPTIMAL,114,true,true
problems/2_4/7_1767711946895.json,4,2,DISTANCE,1658.441400,887.044085,0.534866,1658.441400,OPTIMAL,67,true,true
problems/2_4/7_1767711946895.json,4,2,PRICE,2903.272464,1481.782137,0.510383,2903.272464,OPTIMAL,114,true,true
problems/2_4/8_1767711946895.json,4,2,DISTANCE,1096.638586,1034.637133,0.943462,1096.638586,OPTIMAL,94,true,true
problems/2_4/8_1767711946895.json,4,2,PRICE,1343.637243,1245.147745,0.926699,1343.637243,OPTIMAL,63,true,true
problems/2_4/9_1767711946895.json,4,2,DISTANCE,3057.978799,2218.711812,0.725548,3057.978799,OPTIMAL,398,true,true
problems/2_4/9_1767711946895.json,4,2,PRICE,7291.641379,5340.811269,0.732457,7291.641379,OPTIMAL,151,true,true
problems/2_5/0_1767711946895.json,5,2,DISTANCE,1701.463882,1498.739916,0.880853,1701.463882,OPTIMAL,31,true,true
problems/2_5/0_1767711946895.json,5,2,PRICE,2718.259890,2216.509697,0.815415,2718.259890,OPTIMAL,84,true,true
problems/2_5/1_1767711946895.json,5,2,DISTANCE,2323.065972,1866.988788,0.803674,2323.065972,OPTIMAL,675,true,true
problems/2_5/1_1767711946895.json,5,2,PRICE,5321.916614,4395.612828,0.825945,5321.916614,OPTIMAL,125,true,true
problems/2_5/2_1767711946895.json,5,2,DISTANCE,1804.397822,1113.705418,0.617217,1804.397822,OPTIMAL,1013,true,true
problems/2_5/2_1767711946895.json,5,2,PRICE,2024.142219,1168.529520,0.577296,2024.142219,OPTIMAL,935,true,true
problems/2_5/3_1767711946895.json,5,2,DISTANCE,2739.003659,1709.031028,0.623961,2739.003659,OPTIMAL,249,true,true
problems/2_5/3_1767711946895.json,5,2,PRICE,6729.622499,4190.663323,0.622719,6729.622499,OPTIMAL,49,true,true
problems/2_5/4_1767711946895.json,5,2,DISTANCE,1520.056880,849.589920,0.558920,1520.056880,OPTIMAL,1778,true,true
problems/2_5/4_1767711946895.json,5,2,PRICE,2440.635368,1403.773599,0.575167,2440.635368,OPTIMAL,1807,true,true
problems/2_5/5_1767711946895.json,5,2,DISTANCE,1166.436841,695.157418,0.595967,1166.436841,OPTIMAL,377,true,true
problems/2_5/5_1767711946895.json,5,2,PRICE,2688.982754,1576.165243,0.586157,2688.982754,OPTIMAL,219,true,true
problems/2_5/6_1767711946895.json,5,2,DISTANCE,1576.258481,915.587065,0.580861,1576.258481,OPTIMAL,57,true,true
problems/2_5/6_1767711946895.json,5,2,PRICE,1839.106360,1156.851378,0.629029,1839.106360,OPTIMAL,42,true,true
problems/2_5/7_1767711946895.json,5,2,DISTANCE,3386.232246,2416.761647,0.713702,3386.232246,OPTIMAL,480,true,true
problems/2_5/7_1767711946895.json,5,2,PRICE,8639.548800,6185.586682,0.715962,8639.548800,OPTIMAL,461,true,true
problems/2_5/8_1767711946895.json,5,2,DISTANCE,1802.349528,1149.071983,0.637541,1802.349528,OPTIMAL,121,true,true
problems/2_5/8_1767711946895.json,5,2,PRICE,2144.872482,1462.836202,0.682015,2144.872482,OPTIMAL,22,true,true
problems/2_5/9_1767711946895.json,5,2,DISTANCE,1769.020116,1649.955994,0.932695,1769.020116,OPTIMAL,103,true,true
problems/2_5/9_1767711946895.json,5,2,PRICE,3018.683475,2837.478360,0.939972,3018.683475,OPTIMAL,34,true,true
problems/2_6/0_1767711946895.json,6,2,DISTANCE,1304.959578,1017.833107,0.779973,1304.959578,OPTIMAL,3887,true,true
problems/2_6/0_1767711946895.json,6,2,PRICE,2268.344729,1817.291435,0.801153,2268.344729,OPTIMAL,3242,true,true
problems/2_6/1_1767711946895.json,6,2,DISTANCE,2130.970087,1339.401144,0.628541,2130.970087,OPTIMAL,9381,true,true
problems/2_6/1_1767711946895.json,6,2,PRICE,5251.749337,3366.718579,0.641066,5251.749337,OPTIMAL,4100,true,true
problems/2_6/2_1767711946895.json,6,2,DISTANCE,3376.705272,2297.726297,0.680464,3376.705272,OPTIMAL,4702,true,true
problems/2_6/2_1767711946895.json,6,2,PRICE,7392.169586,5114.368095,0.691863,7392.169586,OPTIMAL,4284,true,true
problems/2_6/3_1767711946895.json,6,2,DISTANCE,3914.100664,2690.934935,0.687498,3914.100664,OPTIMAL,6638,true,true
problems/2_6/3_1767711946895.json,6,2,PRICE,8282.385129,5866.864391,0.708354,8282.385129,OPTIMAL,5490,true,true
problems/2_6/4_1767711946895.json,6,2,DISTANCE,1909.313297,1157.012775,0.605984,1909.313297,OPTIMAL,958,true,true
problems/2_6/4_1767711946895.json,6,2,PRICE,1995.871844,1213.326242,0.607918,1995.871844,OPTIMAL,397,true,true
problems/2_6/5_1767711946895.json,6,2,DISTANCE,2169.926376,1447.180520,0.666926,2169.926376,OPTIMAL,3727,true,true
problems/2_6/5_1767711946895.json,6,2,PRICE,2378.671782,1786.327976,0.750977,2378.671782,OPTIMAL,1766,true,true
problems/2_6/6_1767711946895.json,6,2,DISTANCE,2422.385157,1814.225601,0.748942,2422.385157,OPTIMAL,1736,true,true
problems/2_6/6_1767711946895.json,6,2,PRICE,3191.118552,2601.622538,0.815270,3191.118552,OPTIMAL,523,true,true
problems/2_6/7_1767711946895.json,6,2,DISTANCE,2473.062352,1503.658900,0.608015,2473.062352,OPTIMAL,281,true,true
problems/2_6/7_1767711946895.json,6,2,PRICE,3318.841363,2092.561490,0.630510,3318.841363,OPTIMAL,67,true,true
problems/2_6/8_1767711946895.json,6,2,DISTANCE,2945.367450,2047.012370,0.694994,2945.367450,OPTIMAL,5032,true,true
problems/2_6/8_1767711946895.json,6,2,PRICE,3684.489906,2573.592298,0.698494,3684.489906,OPTIMAL,3813,true,true
problems/2_6/9_1767711946895.json,6,2,DISTANCE,4143.617040,3087.042896,0.745012,4143.617040,OPTIMAL,805,true,true
problems/2_6/9_1767711946895.json,6,2,PRICE,5870.050395,4857.394178,0.827488,5870.050395,OPTIMAL,93,true,true
problems/2_7/0_1767711946895.json,7,2,DISTANCE,3598.174857,1921.834713,0.534114,3598.174857,OPTIMAL,15187,true,true
problems/2_7/0_1767711946895.json,7,2,PRICE,8632.600498,4738.601897,0.548919,8632.600498,OPTIMAL,6866,true,true
problems/2_7/1_1767711946895.json,7,2,DISTANCE,1668.977050,1129.127642,0.676539,1668.977050,OPTIMAL,2919,true,true
problems/2_7/1_1767711946895.json,7,2,PRICE,2016.136750,1227.738689,0.608956,2016.136750,OPTIMAL,3509,true,true
problems/2_7/2_1767711946895.json,7,2,DISTANCE,2820.252672,1017.833276,0.360901,2820.252672,OPTIMAL,13301,true,true
problems/2_7/2_1767711946895.json,7,2,PRICE,4589.184073,1750.180056,0.381371,4589.184073,OPTIMAL,3400,true,true
problems/2_7/3_1767711946895.json,7,2,DISTANCE,2192.788261,1225.528305,0.558890,2192.788261,OPTIMAL,1617,true,true
problems/2_7/3_1767711946895.json,7,2,PRICE,4408.457536,2257.754534,0.512142,4408.457536,OPTIMAL,1412,true,true
problems/2_7/4_1767711946895.json,7,2,DISTANCE,2256.195437,1401.595822,0.621221,2256.195437,OPTIMAL,16841,true,true
problems/2_7/4_1767711946895.json,7,2,PRICE,2549.360793,1669.215352,0.654758,2549.360793,OPTIMAL,14227,true,true
problems/2_7/5_1767711946895.json,7,2,DISTANCE,1914.795945,1330.100646,0.694644,1914.795945,OPTIMAL,3788,true,true
problems/2_7/5_1767711946895.json,7,2,PRICE,4374.271349,2913.800813,0.666123,4374.271349,OPTIMAL,4720,true,true
problems/2_7/6_1767711946895.json,7,2,DISTANCE,2231.353106,1868.745155,0.837494,2231.353106,OPTIMAL,2259,true,true
problems/2_7/6_1767711946895.json,7,2,PRICE,3635.492224,3212.044113,0.883524,3635.492224,OPTIMAL,589,true,true
problems/2_7/7_1767711946895.json,7,2,DISTANCE,3444.794020,2398.383693,0.696234,3444.794020,OPTIMAL,1202,true,true
problems/2_7/7_1767711946895.json,7,2,PRICE,3815.217478,2714.723999,0.711552,3815.217478,OPTIMAL,645,true,true
problems/2_7/8_1767711946895.json,7,2,DISTANCE,2272.070569,1137.349601,0.500578,2272.070569,OPTIMAL,3029,true,true
problems/2_7/8_1767711946895.json,7,2,PRICE,5283.648207,2721.933837,0.515162,5283.648207,OPTIMAL,2158,true,true
problems/2_7/9_1767711946895.json,7,2,DISTANCE,4103.204178,2903.782322,0.707687,4103.204178,OPTIMAL,2153,true,true
problems/2_7/9_1767711946895.json,7,2,PRICE,4858.524549,3493.762616,0.719100,4858.524549,OPTIMAL,461,true,true
problems/3_1/0_1767711946895.json,1,3,DISTANCE,231.265222,75.116028,0.324805,231.265222,OPTIMAL,5,true,true
problems/3_1/0_1767711946895.json,1,3,PRICE,535.882370,141.919971,0.264834,535.882370,OPTIMAL,6,true,true
problems/3_1/1_1767711946895.json,1,3,DISTANCE,1434.823866,1434.823866,1.000000,1434.823866,OPTIMAL,6,true,true
problems/3_1/1_1767711946895.json,1,3,PRICE,1873.278605,1741.323867,0.929559,1873.278605,OPTIMAL,0,true,true
problems/3_1/2_1767711946895.json,1,3,DISTANCE,2210.284125,1564.564024,0.707857,2210.284125,OPTIMAL,0,true,true
problems/3_1/2_1767711946895.json,1,3,PRICE,2502.166077,2169.515577,0.867055,2502.166077,OPTIMAL,1,true,true
problems/3_1/3_1767711946895.json,1,3,DISTANCE,435.587770,124.042997,0.284772,435.587770,OPTIMAL,0,true,true
problems/3_1/3_1767711946895.json,1,3,PRICE,698.589178,238.588249,0.341529,698.589178,OPTIMAL,0,true,true
problems/3_1/4_1767711946895.json,1,3,DISTANCE,232.365278,139.463868,0.600192,232.365278,OPTIMAL,0,true,true
problems/3_1/4_1767711946895.json,1,3,PRICE,261.056526,197.581818,0.756855,261.056526,OPTIMAL,0,true,true
problems/3_1/5_1767711946895.json,1,3,DISTANCE,1114.895177,934.478634,0.838176,1114.895177,OPTIMAL,6,true,true
problems/3_1/5_1767711946895.json,1,3,PRICE,1602.440974,1389.159955,0.866902,1602.440974,OPTIMAL,6,true,true
problems/3_1/6_1767711946895.json,1,3,DISTANCE,286.724618,73.731725,0.257152,286.724618,OPTIMAL,6,true,true
problems/3_1/6_1767711946895.json,1,3,PRICE,449.962415,98.974187,0.219961,449.962415,OPTIMAL,0,true,true
problems/3_1/7_1767711946895.json,1,3,DISTANCE,343.732959,104.354315,0.303591,343.732959,OPTIMAL,0,true,true
problems/3_1/7_1767711946895.json,1,3,PRICE,456.004495,214.440663,0.470260,456.004495,OPTIMAL,0,true,true
problems/3_1/8_1767711946895.json,1,3,DISTANCE,360.319632,360.319632,1.000000,360.319632,OPTIMAL,0,true,true
problems/3_1/8_1767711946895.json,1,3,PRICE,865.476411,614.044227,0.709487,865.476411,OPTIMAL,6,true,true
problems/3_1/9_1767711946895.json,1,3,DISTANCE,268.859796,201.688431,0.750162,268.859796,OPTIMAL,0,true,true
problems/3_1/9_1767711946895.json,1,3,PRICE,405.487957,328.572417,0.810314,405.487957,OPTIMAL,0,true,true
problems/3_2/0_1767711946895.json,2,3,DISTANCE,2927.542622,1783.870688,0.609341,2927.542622,OPTIMAL,105,true,true
problems/3_2/0_1767711946895.json,2,3,PRICE,3032.840561,2120.155389,0.699066,3032.840561,OPTIMAL,8,true,true
problems/3_2/1_1767711946895.json,2,3,DISTANCE,1221.888855,729.918961,0.597369,1221.888855,OPTIMAL,7,true,true
problems/3_2/1_1767711946895.json,2,3,PRICE,2518.598376,1427.863347,0.566928,2518.598376,OPTIMAL,11,true,true
problems/3_2/2_1767711946895.json,2,3,DISTANCE,1382.421705,1125.975547,0.814495,1382.421705,OPTIMAL,13,true,true
problems/3_2/2_1767711946895.json,2,3,PRICE,3339.525672,2850.274973,0.853497,3339.525672,OPTIMAL,24,true,true
problems/3_2/3_1767711946895.json,2,3,DISTANCE,1134.674918,772.363700,0.680692,1134.674918,OPTIMAL,14,true,true
problems/3_2/3_1767711946895.json,2,3,PRICE,2816.299291,1949.991511,0.692395,2816.299291,OPTIMAL,7,true,true
problems/3_2/4_1767711946895.json,2,3,DISTANCE,576.058783,553.516433,0.960868,576.058783,OPTIMAL,14,true,true
problems/3_2/4_1767711946895.json,2,3,PRICE,1102.877753,964.213112,0.874270,1102.877753,OPTIMAL,5,true,true
problems/3_2/5_1767711946895.json,2,3,DISTANCE,1875.789484,1232.673521,0.657149,1875.789484,OPTIMAL,35,true,true
problems/3_2/5_1767711946895.json,2,3,PRICE,3359.373195,2255.746323,0.671478,3359.373195,OPTIMAL,16,true,true
problems/3_2/6_1767711946895.json,2,3,DISTANCE,676.310399,567.117560,0.838546,676.310399,OPTIMAL,12,true,true
problems/3_2/6_1767711946895.json,2,3,PRICE,948.886931,781.600844,0.823703,948.886931,OPTIMAL,15,true,true
problems/3_2/7_1767711946895.json,2,3,DISTANCE,467.043074,289.558033,0.619981,467.043074,OPTIMAL,16,true,true
problems/3_2/7_1767711946895.json,2,3,PRICE,789.925063,498.463572,0.631026,789.925063,OPTIMAL,10,true,true
problems/3_2/8_1767711946895.json,2,3,DISTANCE,1242.386072,1045.799422,0.841767,1242.386072,OPTIMAL,6,true,true
problems/3_2/8_1767711946895.json,2,3,PRICE,1640.166247,1418.841035,0.865059,1640.166247,OPTIMAL,7,true,true
problems/3_2/9_1767711946895.json,2,3,DISTANCE,1881.073378,1171.753629,0.622918,1881.073378,OPTIMAL,37,true,true
problems/3_2/9_1767711946895.json,2,3,PRICE,2453.334390,1961.295306,0.799441,2453.334390,OPTIMAL,25,true,true
problems/3_3/0_1767711946895.json,3,3,DISTANCE,1227.035387,428.487702,0.349206,1227.035387,OPTIMAL,9,true,true
problems/3_3/0_1767711946895.json,3,3,PRICE,1446.348073,548.958740,0.379548,1446.348073,OPTIMAL,13,true,true
problems/3_3/1_1767711946895.json,3,3,DISTANCE,809.134606,780.776140,0.964952,809.134606,OPTIMAL,8,true,true
problems/3_3/1_1767711946895.json,3,3,PRICE,1668.079926,1364.262161,0.817864,1668.079926,OPTIMAL,17,true,true
problems/3_3/2_1767711946895.json,3,3,DISTANCE,1249.190939,1012.328186,0.810387,1249.190939,OPTIMAL,71,true,true
problems/3_3/2_1767711946895.json,3,3,PRICE,2192.435789,1706.269061,0.778253,2192.435789,OPTIMAL,129,true,true
problems/3_3/3_1767711946895.json,3,3,DISTANCE,1773.562432,972.296601,0.548217,1773.562432,OPTIMAL,302,true,true
problems/3_3/3_1767711946895.json,3,3,PRICE,3280.294081,2111.097766,0.643570,3280.294081,OPTIMAL,230,true,true
problems/3_3/4_1767711946895.json,3,3,DISTANCE,1658.404367,1215.506810,0.732938,1658.404367,OPTIMAL,141,true,true
problems/3_3/4_1767711946895.json,3,3,PRICE,1855.468646,1270.448910,0.684705,1855.468646,OPTIMAL,74,true,true
problems/3_3/5_1767711946895.json,3,3,DISTANCE,618.355758,389.191350,0.629397,618.355758,OPTIMAL,205,true,true
problems/3_3/5_1767711946895.json,3,3,PRICE,846.639244,513.766697,0.606831,846.639244,OPTIMAL,206,true,true
problems/3_3/6_1767711946895.json,3,3,DISTANCE,2707.497727,2117.389654,0.782047,2707.497727,OPTIMAL,30,true,true
problems/3_3/6_1767711946895.json,3,3,PRICE,7180.943939,5030.893189,0.700589,7180.943939,OPTIMAL,32,true,true
problems/3_3/7_1767711946895.json,3,3,DISTANCE,1657.549996,1373.971973,0.828917,1657.549996,OPTIMAL,243,true,true
problems/3_3/7_1767711946895.json,3,3,PRICE,4183.664310,3647.407291,0.871821,4183.664310,OPTIMAL,185,true,true
problems/3_3/8_1767711946895.json,3,3,DISTANCE,1263.101004,558.203131,0.441931,1263.101004,OPTIMAL,16,true,true
problems/3_3/8_1767711946895.json,3,3,PRICE,1344.824505,646.853877,0.480995,1344.824505,OPTIMAL,14,true,true
problems/3_3/9_1767711946895.json,3,3,DISTANCE,1406.670481,1055.144124,0.750100,1406.670481,OPTIMAL,33,true,true
problems/3_3/9_1767711946895.json,3,3,PRICE,2334.561990,1665.800990,0.713539,2334.561990,OPTIMAL,47,true,true
problems/3_4/0_1767711946895.json,4,3,DISTANCE,2608.842683,1751.931323,0.671536,2608.842683,OPTIMAL,1452,true,true
problems/3_4/0_1767711946895.json,4,3,PRICE,2742.219524,2183.520654,0.796260,2742.219524,OPTIMAL,349,true,true
problems/3_4/1_1767711946895.json,4,3,DISTANCE,3690.885694,2934.880784,0.795170,3690.885694,OPTIMAL,582,true,true
problems/3_4/1_1767711946895.json,4,3,PRICE,7286.588344,5841.396062,0.801664,7286.588344,OPTIMAL,959,true,true
problems/3_4/2_1767711946895.json,4,3,DISTANCE,1442.366270,1400.888723,0.971243,1442.366270,OPTIMAL,35,true,true
problems/3_4/2_1767711946895.json,4,3,PRICE,3514.935317,2032.632478,0.578284,3514.935317,OPTIMAL,950,true,true
problems/3_4/3_1767711946895.json,4,3,DISTANCE,2739.724180,1773.416884,0.647298,2739.724180,OPTIMAL,664,true,true
problems/3_4/3_1767711946895.json,4,3,PRICE,4647.122337,3357.417053,0.722472,4647.122337,OPTIMAL,586,true,true
problems/3_4/4_1767711946895.json,4,3,DISTANCE,1753.582756,1691.327651,0.964498,1753.582756,OPTIMAL,29,true,true
problems/3_4/4_1767711946895.json,4,3,PRICE,2316.300369,1822.065335,0.786627,2316.300369,OPTIMAL,95,true,true
problems/3_4/5_1767711946895.json,4,3,DISTANCE,1302.747377,891.234646,0.684119,1302.747377,OPTIMAL,1236,true,true
problems/3_4/5_1767711946895.json,4,3,PRICE,3308.686124,2298.587624,0.694713,3308.686124,OPTIMAL,1082,true,true
problems/3_4/6_1767711946895.json,4,3,DISTANCE,833.471014,693.076464,0.831554,833.471014,OPTIMAL,134,true,true
problems/3_4/6_1767711946895.json,4,3,PRICE,2329.945579,1675.709983,0.719206,2329.945579,OPTIMAL,508,true,true
problems/3_4/7_1767711946895.json,4,3,DISTANCE,2239.803297,2068.695291,0.923606,2239.803297,OPTIMAL,35,true,true
problems/3_4/7_1767711946895.json,4,3,PRICE,4922.844986,3973.258443,0.807106,4922.844986,OPTIMAL,66,true,true
problems/3_4/8_1767711946895.json,4,3,DISTANCE,1396.348467,1120.069692,0.802142,1396.348467,OPTIMAL,476,true,true
problems/3_4/8_1767711946895.json,4,3,PRICE,2298.595664,1900.094283,0.826633,2298.595664,OPTIMAL,49,true,true
problems/3_4/9_1767711946895.json,4,3,DISTANCE,861.527039,463.124076,0.537562,861.527039,OPTIMAL,1166,true,true
problems/3_4/9_1767711946895.json,4,3,PRICE,1086.020918,593.070475,0.546095,1086.020918,OPTIMAL,528,true,true
problems/3_5/0_1767711946895.json,5,3,DISTANCE,2191.433651,1789.132249,0.816421,2191.433651,OPTIMAL,807,true,true
problems/3_5/0_1767711946895.json,5,3,PRICE,3390.816560,2636.713884,0.777604,3390.816560,OPTIMAL,745,true,true
problems/3_5/1_1767711946895.json,5,3,DISTANCE,1986.234824,1337.362086,0.673315,1986.234824,OPTIMAL,1607,true,true
problems/3_5/1_1767711946895.json,5,3,PRICE,3772.797214,2247.863277,0.595808,3772.797214,OPTIMAL,1169,true,true
problems/3_5/2_1767711946895.json,5,3,DISTANCE,2886.321348,1735.444315,0.601265,2886.321348,OPTIMAL,1642,true,true
problems/3_5/2_1767711946895.json,5,3,PRICE,4935.543577,3176.007911,0.643497,4935.543577,OPTIMAL,1051,true,true
problems/3_5/3_1767711946895.json,5,3,DISTANCE,4738.107402,2491.051842,0.525748,4738.107402,OPTIMAL,4657,true,true
problems/3_5/3_1767711946895.json,5,3,PRICE,6089.443167,3260.115282,0.535372,6089.443167,OPTIMAL,1761,true,true
problems/3_5/4_1767711946895.json,5,3,DISTANCE,1357.388533,1068.502976,0.787175,1357.388533,OPTIMAL,571,true,true
problems/3_5/4_1767711946895.json,5,3,PRICE,2174.310790,1551.763279,0.713681,2174.310790,OPTIMAL,1059,true,true
problems/3_5/5_1767711946895.json,5,3,DISTANCE,2009.891527,1443.325399,0.718111,2009.891527,OPTIMAL,83,true,true
problems/3_5/5_1767711946895.json,5,3,PRICE,3202.826554,2721.505276,0.849720,3202.826554,OPTIMAL,49,true,true
problems/3_5/6_1767711946895.json,5,3,DISTANCE,1922.491613,1392.013562,0.724067,1922.491613,OPTIMAL,411,true,true
problems/3_5/6_1767711946895.json,5,3,PRICE,2882.158374,2004.563960,0.695508,2882.158374,OPTIMAL,640,true,true
problems/3_5/7_1767711946895.json,5,3,DISTANCE,4106.840848,2790.593720,0.679499,4106.840848,OPTIMAL,3064,true,true
problems/3_5/7_1767711946895.json,5,3,PRICE,4291.039597,3396.595839,0.791555,4291.039597,OPTIMAL,625,true,true
problems/3_5/8_1767711946895.json,5,3,DISTANCE,1849.132077,1397.142002,0.755566,1849.132077,OPTIMAL,122,true,true
problems/3_5/8_1767711946895.json,5,3,PRICE,2543.402814,1743.528736,0.685510,2543.402814,OPTIMAL,645,true,true
problems/3_5/9_1767711946895.json,5,3,DISTANCE,2916.445198,2261.935434,0.775580,2916.445198,OPTIMAL,1697,true,true
problems/3_5/9_1767711946895.json,5,3,PRICE,3676.174149,2592.323014,0.705169,3676.174149,OPTIMAL,1187,true,true
problems/3_6/0_1767711946895.json,6,3,DISTANCE,1375.948403,895.078122,0.650517,1375.948403,OPTIMAL,3021,true,true
problems/3_6/0_1767711946895.json,6,3,PRICE,2308.965817,1488.540784,0.644679,2308.965817,OPTIMAL,3764,true,true
problems/3_6/1_1767711946895.json,6,3,DISTANCE,2570.928252,1642.733484,0.638965,2570.928252,OPTIMAL,4961,true,true
problems/3_6/1_1767711946895.json,6,3,PRICE,4667.764928,2946.162003,0.631172,4667.764928,OPTIMAL,1911,true,true
problems/3_6/2_1767711946895.json,6,3,DISTANCE,3309.840280,2436.615042,0.736173,3309.840280,OPTIMAL,1274,true,true
problems/3_6/2_1767711946895.json,6,3,PRICE,4201.128118,2991.301222,0.712023,4201.128118,OPTIMAL,501,true,true
problems/3_6/3_1767711946895.json,6,3,DISTANCE,2558.050770,2102.607326,0.821957,2558.050770,OPTIMAL,668,true,true
problems/3_6/3_1767711946895.json,6,3,PRICE,4303.754392,3006.888536,0.698666,4303.754392,OPTIMAL,1659,true,true
problems/3_6/4_1767711946895.json,6,3,DISTANCE,2813.670730,1865.407896,0.662980,2813.670730,OPTIMAL,4626,true,true
problems/3_6/4_1767711946895.json,6,3,PRICE,5816.169651,3864.931349,0.664515,5816.169651,OPTIMAL,3146,true,true
problems/3_6/5_1767711946895.json,6,3,DISTANCE,2560.622808,2219.785916,0.866893,2560.622808,OPTIMAL,421,true,true
problems/3_6/5_1767711946895.json,6,3,PRICE,5201.058425,4306.020146,0.827912,5201.058425,OPTIMAL,607,true,true
problems/3_6/6_1767711946895.json,6,3,DISTANCE,1498.154587,1001.517100,0.668501,1498.154587,OPTIMAL,1349,true,true
problems/3_6/6_1767711946895.json,6,3,PRICE,1965.934838,1172.685833,0.596503,1965.934838,OPTIMAL,1511,true,true
problems/3_6/7_1767711946895.json,6,3,DISTANCE,3064.118114,1745.092538,0.569525,3064.118114,OPTIMAL,32145,true,true
problems/3_6/7_1767711946895.json,6,3,PRICE,6707.381016,3845.007984,0.573250,6707.381016,OPTIMAL,19291,true,true
problems/3_6/8_1767711946895.json,6,3,DISTANCE,3900.541242,2438.906075,0.625274,3900.541242,OPTIMAL,45249,true,true
problems/3_6/8_1767711946895.json,6,3,PRICE,6407.332141,4006.940481,0.625368,6407.332141,OPTIMAL,34463,true,true
problems/3_6/9_1767711946895.json,6,3,DISTANCE,3607.724763,2189.326914,0.606844,3607.724763,OPTIMAL,19725,true,true
problems/3_6/9_1767711946895.json,6,3,PRICE,6022.604836,3693.628703,0.613294,6022.604836,OPTIMAL,4485,true,true
problems/3_7/0_1767711946895.json,7,3,DISTANCE,3030.823812,2177.617149,0.718490,3030.823812,OPTIMAL,4987,true,true
problems/3_7/0_1767711946895.json,7,3,PRICE,4736.737465,3773.474931,0.796640,4736.737465,OPTIMAL,756,true,true
problems/3_7/1_1767711946895.json,7,3,DISTANCE,2268.942621,1004.082455,0.442533,2268.942621,OPTIMAL,42968,true,true
problems/3_7/1_1767711946895.json,7,3,PRICE,3523.519663,1538.937167,0.436761,3523.519663,OPTIMAL,31905,true,true
problems/3_7/2_1767711946895.json,7,3,DISTANCE,4573.319295,2603.903825,0.569368,4573.319295,OPTIMAL,11365,true,true
problems/3_7/2_1767711946895.json,7,3,PRICE,8725.821604,5513.700004,0.631883,8725.821604,OPTIMAL,6436,true,true
problems/3_7/3_1767711946895.json,7,3,DISTANCE,1740.810598,1069.704676,0.614487,1746.669066,TIMEDOUT,60002,true,false
problems/3_7/3_1767711946895.json,7,3,PRICE,2522.604648,1593.070102,0.631518,2522.604648,OPTIMAL,37924,true,true
problems/3_7/4_1767711946895.json,7,3,DISTANCE,2601.903124,1779.794729,0.684036,2601.903124,OPTIMAL,7882,true,true
problems/3_7/4_1767711946895.json,7,3,PRICE,3645.669582,2539.654449,0.696622,3645.669582,OPTIMAL,6602,true,true
problems/3_7/5_1767711946895.json,7,3,DISTANCE,2691.194819,2264.006648,0.841264,2691.194819,OPTIMAL,405,true,true
problems/3_7/5_1767711946895.json,7,3,PRICE,3672.198847,2808.416829,0.764778,3672.198847,OPTIMAL,500,true,true
problems/3_7/6_1767711946895.json,7,3,DISTANCE,4813.389734,2704.872836,0.561948,4813.389734,TIMEDOUT,60002,true,true
problems/3_7/6_1767711946895.json,7,3,PRICE,6651.108889,3871.330023,0.582058,6654.895049,TIMEDOUT,60003,true,false
problems/3_7/7_1767711946895.json,7,3,DISTANCE,2384.515017,1223.146122,0.512954,2384.515017,OPTIMAL,4599,true,true
problems/3_7/7_1767711946895.json,7,3,PRICE,3550.478220,1753.657139,0.493921,3550.478220,OPTIMAL,5235,true,true
problems/3_7/8_1767711946895.json,7,3,DISTANCE,2236.150823,1347.913674,0.602783,2236.150823,OPTIMAL,8304,true,true
problems/3_7/8_1767711946895.json,7,3,PRICE,3624.405894,2370.901728,0.654149,3624.405894,OPTIMAL,17190,true,true
problems/3_7/9_1767711946895.json,7,3,DISTANCE,2951.442498,2176.323570,0.737376,2951.442498,OPTIMAL,39154,true,true
problems/3_7/9_1767711946895.json,7,3,PRICE,7896.299824,5523.834235,0.699547,7896.299824,OPTIMAL,53524,true,true
problems/4_1/0_1767711946895.json,1,4,DISTANCE,196.683026,75.116028,0.381914,196.683026,OPTIMAL,0,true,true
problems/4_1/0_1767711946895.json,1,4,PRICE,414.612803,82.363721,0.198652,414.612803,OPTIMAL,0,true,true
problems/4_1/1_1767711946895.json,1,4,DISTANCE,436.560134,274.411953,0.628578,436.560134,OPTIMAL,6,true,true
problems/4_1/1_1767711946895.json,1,4,PRICE,789.976620,392.777381,0.497201,789.976620,OPTIMAL,0,true,true
problems/4_1/2_1767711946895.json,1,4,DISTANCE,278.071250,278.071250,1.000000,278.071250,OPTIMAL,0,true,true
problems/4_1/2_1767711946895.json,1,4,PRICE,644.533667,553.945946,0.859452,644.533667,OPTIMAL,6,true,true
problems/4_1/3_1767711946895.json,1,4,DISTANCE,1236.039534,573.189496,0.463731,1236.039534,OPTIMAL,1,true,true
problems/4_1/3_1767711946895.json,1,4,PRICE,1646.200394,977.383391,0.593721,1646.200394,OPTIMAL,6,true,true
problems/4_1/4_1767711946895.json,1,4,DISTANCE,235.812599,124.095409,0.526246,235.812599,OPTIMAL,6,true,true
problems/4_1/4_1767711946895.json,1,4,PRICE,293.558881,156.347206,0.532592,293.558881,OPTIMAL,0,true,true
problems/4_1/5_1767711946895.json,1,4,DISTANCE,216.377760,184.728858,0.853733,216.377760,OPTIMAL,6,true,true
problems/4_1/5_1767711946895.json,1,4,PRICE,370.816426,258.569135,0.697297,370.816426,OPTIMAL,0,true,true
problems/4_1/6_1767711946895.json,1,4,DISTANCE,680.303360,153.951789,0.226299,680.303360,OPTIMAL,1,true,true
problems/4_1/6_1767711946895.json,1,4,PRICE,1237.361145,223.810288,0.180877,1237.361145,OPTIMAL,0,true,true
problems/4_1/7_1767711946895.json,1,4,DISTANCE,465.772241,244.901928,0.525798,465.772241,OPTIMAL,0,true,true
problems/4_1/7_1767711946895.json,1,4,PRICE,800.887750,410.089508,0.512044,800.887750,OPTIMAL,0,true,true
problems/4_1/8_1767711946895.json,1,4,DISTANCE,86.294328,86.294328,1.000000,86.294328,OPTIMAL,5,true,true
problems/4_1/8_1767711946895.json,1,4,PRICE,180.304084,174.351896,0.966988,180.304084,OPTIMAL,0,true,true
problems/4_1/9_1767711946895.json,1,4,DISTANCE,701.868200,430.000827,0.612652,701.868200,OPTIMAL,7,true,true
problems/4_1/9_1767711946895.json,1,4,PRICE,928.264219,542.094606,0.583987,928.264219,OPTIMAL,0,true,true
problems/4_2/0_1767711946895.json,2,4,DISTANCE,1289.674104,1102.201611,0.854636,1289.674104,OPTIMAL,15,true,true
problems/4_2/0_1767711946895.json,2,4,PRICE,1738.505480,1486.292486,0.854925,1738.505480,OPTIMAL,13,true,true
problems/4_2/1_1767711946895.json,2,4,DISTANCE,943.010728,823.955617,0.873750,943.010728,OPTIMAL,11,true,true
problems/4_2/1_1767711946895.json,2,4,PRICE,1131.839654,958.163899,0.846554,1131.839654,OPTIMAL,14,true,true
problems/4_2/2_1767711946895.json,2,4,DISTANCE,331.567023,141.779227,0.427604,331.567023,OPTIMAL,12,true,true
problems/4_2/2_1767711946895.json,2,4,PRICE,372.051341,164.671809,0.442605,372.051341,OPTIMAL,7,true,true
problems/4_2/3_1767711946895.json,2,4,DISTANCE,1213.220748,1021.412796,0.841902,1213.220748,OPTIMAL,7,true,true
problems/4_2/3_1767711946895.json,2,4,PRICE,1748.056901,1568.547883,0.897309,1748.056901,OPTIMAL,11,true,true
problems/4_2/4_1767711946895.json,2,4,DISTANCE,994.585978,658.058149,0.661640,994.585978,OPTIMAL,30,true,true
problems/4_2/4_1767711946895.json,2,4,PRICE,1459.367593,975.199929,0.668235,1459.367593,OPTIMAL,15,true,true
problems/4_2/5_1767711946895.json,2,4,DISTANCE,925.483389,701.684211,0.758181,925.483389,OPTIMAL,16,true,true
problems/4_2/5_1767711946895.json,2,4,PRICE,1452.559743,1097.990900,0.755901,1452.559743,OPTIMAL,8,true,true
problems/4_2/6_1767711946895.json,2,4,DISTANCE,632.396465,495.296682,0.783206,632.396465,OPTIMAL,6,true,true
problems/4_2/6_1767711946895.json,2,4,PRICE,1340.486664,951.321113,0.709683,1340.486664,OPTIMAL,8,true,true
problems/4_2/7_1767711946895.json,2,4,DISTANCE,1164.207526,1015.783813,0.872511,1164.207526,OPTIMAL,15,true,true
problems/4_2/7_1767711946895.json,2,4,PRICE,1294.094851,1196.599690,0.924662,1294.094851,OPTIMAL,6,true,true
problems/4_2/8_1767711946895.json,2,4,DISTANCE,1322.209888,958.497476,0.724921,1322.209888,OPTIMAL,24,true,true
problems/4_2/8_1767711946895.json,2,4,PRICE,2199.450562,1517.164992,0.689793,2199.450562,OPTIMAL,22,true,true
problems/4_2/9_1767711946895.json,2,4,DISTANCE,788.755011,510.839404,0.647653,788.755011,OPTIMAL,15,true,true
problems/4_2/9_1767711946895.json,2,4,PRICE,954.270317,651.359308,0.682573,954.270317,OPTIMAL,12,true,true
problems/4_3/0_1767711946895.json,3,4,DISTANCE,1536.512836,974.445360,0.634193,1536.512836,OPTIMAL,297,true,true
problems/4_3/0_1767711946895.json,3,4,PRICE,2346.147191,1368.248049,0.583189,2346.147191,OPTIMAL,361,true,true
problems/4_3/1_1767711946895.json,3,4,DISTANCE,975.154071,386.768928,0.396623,975.154071,OPTIMAL,56,true,true
problems/4_3/1_1767711946895.json,3,4,PRICE,2084.707225,571.110458,0.273952,2084.707225,OPTIMAL,424,true,true
problems/4_3/2_1767711946895.json,3,4,DISTANCE,2016.856491,1436.249558,0.712123,2016.856491,OPTIMAL,32,true,true
problems/4_3/2_1767711946895.json,3,4,PRICE,2915.991799,1951.188477,0.669134,2915.991799,OPTIMAL,22,true,true
problems/4_3/3_1767711946895.json,3,4,DISTANCE,1359.715040,1295.304886,0.952630,1359.715040,OPTIMAL,24,true,true
problems/4_3/3_1767711946895.json,3,4,PRICE,3337.777918,2267.491901,0.679342,3337.777918,OPTIMAL,427,true,true
problems/4_3/4_1767711946895.json,3,4,DISTANCE,768.839551,575.861714,0.749001,768.839551,OPTIMAL,36,true,true
problems/4_3/4_1767711946895.json,3,4,PRICE,1584.059879,1339.136209,0.845382,1584.059879,OPTIMAL,22,true,true
problems/4_3/5_1767711946895.json,3,4,DISTANCE,2900.798317,1796.270620,0.619233,2900.798317,OPTIMAL,223,true,true
problems/4_3/5_1767711946895.json,3,4,PRICE,3261.139248,2229.579701,0.683681,3261.139248,OPTIMAL,48,true,true
problems/4_3/6_1767711946895.json,3,4,DISTANCE,1418.723376,996.669742,0.702512,1418.723376,OPTIMAL,289,true,true
problems/4_3/6_1767711946895.json,3,4,PRICE,1845.162688,1374.918415,0.745148,1845.162688,OPTIMAL,73,true,true
problems/4_3/7_1767711946895.json,3,4,DISTANCE,871.916297,543.494412,0.623333,871.916297,OPTIMAL,20,true,true
problems/4_3/7_1767711946895.json,3,4,PRICE,1920.456617,1197.179480,0.623383,1920.456617,OPTIMAL,18,true,true
problems/4_3/8_1767711946895.json,3,4,DISTANCE,1774.791768,1393.687271,0.785268,1774.791768,OPTIMAL,48,true,true
problems/4_3/8_1767711946895.json,3,4,PRICE,3921.784586,2944.026869,0.750686,3921.784586,OPTIMAL,30,true,true
problems/4_3/9_1767711946895.json,3,4,DISTANCE,2770.721130,2158.542338,0.779054,2770.721130,OPTIMAL,52,true,true
problems/4_3/9_1767711946895.json,3,4,PRICE,5478.595353,4146.433869,0.756843,5478.595353,OPTIMAL,116,true,true
problems/4_4/0_1767711946895.json,4,4,DISTANCE,2301.369896,1661.277691,0.721865,2301.369896,OPTIMAL,1085,true,true
problems/4_4/0_1767711946895.json,4,4,PRICE,3242.313858,2467.178453,0.760931,3242.313858,OPTIMAL,118,true,true
problems/4_4/1_1767711946895.json,4,4,DISTANCE,1326.447134,752.199854,0.567079,1326.447134,OPTIMAL,215,true,true
problems/4_4/1_1767711946895.json,4,4,PRICE,2574.378111,1646.763693,0.639674,2574.378111,OPTIMAL,35,true,true
problems/4_4/2_1767711946895.json,4,4,DISTANCE,931.457417,659.508492,0.708039,931.457417,OPTIMAL,57,true,true
problems/4_4/2_1767711946895.json,4,4,PRICE,1216.971352,820.230301,0.673993,1216.971352,OPTIMAL,48,true,true
problems/4_4/3_1767711946895.json,4,4,DISTANCE,2210.167687,1914.528666,0.866237,2210.167687,OPTIMAL,215,true,true
problems/4_4/3_1767711946895.json,4,4,PRICE,3551.085321,2725.343142,0.767468,3551.085321,OPTIMAL,48,true,true
problems/4_4/4_1767711946895.json,4,4,DISTANCE,1252.033111,878.249740,0.701459,1252.033111,OPTIMAL,530,true,true
problems/4_4/4_1767711946895.json,4,4,PRICE,1320.954072,1145.355550,0.867067,1320.954072,OPTIMAL,84,true,true
problems/4_4/5_1767711946895.json,4,4,DISTANCE,1847.671033,1185.703618,0.641729,1847.671033,OPTIMAL,209,true,true
problems/4_4/5_1767711946895.json,4,4,PRICE,4131.501973,2464.863198,0.596602,4131.501973,OPTIMAL,192,true,true
problems/4_4/6_1767711946895.json,4,4,DISTANCE,2367.024651,1638.541828,0.692237,2367.024651,OPTIMAL,1886,true,true
problems/4_4/6_1767711946895.json,4,4,PRICE,2906.910953,1974.303938,0.679176,2906.910953,OPTIMAL,1445,true,true
problems/4_4/7_1767711946895.json,4,4,DISTANCE,2693.801150,2055.361038,0.762997,2693.801150,OPTIMAL,553,true,true
problems/4_4/7_1767711946895.json,4,4,PRICE,4565.184340,3566.360271,0.781208,4565.184340,OPTIMAL,238,true,true
problems/4_4/8_1767711946895.json,4,4,DISTANCE,906.891644,657.594818,0.725108,906.891644,OPTIMAL,125,true,true
problems/4_4/8_1767711946895.json,4,4,PRICE,1411.897825,1027.911961,0.728036,1411.897825,OPTIMAL,50,true,true
problems/4_4/9_1767711946895.json,4,4,DISTANCE,1317.574795,982.757400,0.745884,1317.574795,OPTIMAL,569,true,true
problems/4_4/9_1767711946895.json,4,4,PRICE,1755.493137,1527.869143,0.870336,1755.493137,OPTIMAL,105,true,true
problems/4_5/0_1767711946895.json,5,4,DISTANCE,4479.510636,2012.542651,0.449277,4479.510636,OPTIMAL,9132,true,true
problems/4_5/0_1767711946895.json,5,4,PRICE,6410.658201,3142.633917,0.490220,6410.658201,OPTIMAL,4138,true,true
problems/4_5/1_1767711946895.json,5,4,DISTANCE,1874.792949,1025.029073,0.546743,1874.792949,OPTIMAL,4910,true,true
problems/4_5/1_1767711946895.json,5,4,PRICE,2845.816643,1819.336549,0.639302,2845.816643,OPTIMAL,2055,true,true
problems/4_5/2_1767711946895.json,5,4,DISTANCE,2110.422376,1603.615297,0.759855,2110.422376,OPTIMAL,316,true,true
problems/4_5/2_1767711946895.json,5,4,PRICE,2575.959922,1878.206927,0.729129,2575.959922,OPTIMAL,364,true,true
problems/4_5/3_1767711946895.json,5,4,DISTANCE,2811.825146,1960.288416,0.697159,2811.825146,OPTIMAL,2331,true,true
problems/4_5/3_1767711946895.json,5,4,PRICE,3036.197402,2190.640134,0.721508,3036.197402,OPTIMAL,840,true,true
problems/4_5/4_1767711946895.json,5,4,DISTANCE,2538.758307,1838.821161,0.724299,2538.758307,OPTIMAL,1874,true,true
problems/4_5/4_1767711946895.json,5,4,PRICE,4531.204016,3098.231992,0.683755,4531.204016,OPTIMAL,1514,true,true
problems/4_5/5_1767711946895.json,5,4,DISTANCE,2713.694766,1868.202030,0.688435,2713.694766,OPTIMAL,1820,true,true
problems/4_5/5_1767711946895.json,5,4,PRICE,3465.645572,2331.282540,0.672683,3465.645572,OPTIMAL,1167,true,true
problems/4_5/6_1767711946895.json,5,4,DISTANCE,1473.438724,1104.286373,0.749462,1473.438724,OPTIMAL,1683,true,true
problems/4_5/6_1767711946895.json,5,4,PRICE,2526.419417,1725.228298,0.682875,2526.419417,OPTIMAL,1275,true,true
problems/4_5/7_1767711946895.json,5,4,DISTANCE,3491.073824,1791.776884,0.513245,3491.073824,OPTIMAL,3564,true,true
problems/4_5/7_1767711946895.json,5,4,PRICE,4802.620741,2423.405569,0.504601,4802.620741,OPTIMAL,1146,true,true
problems/4_5/8_1767711946895.json,5,4,DISTANCE,3869.403191,2197.847181,0.568007,3869.403191,OPTIMAL,2477,true,true
problems/4_5/8_1767711946895.json,5,4,PRICE,5247.809165,3034.491199,0.578240,5247.809165,OPTIMAL,1348,true,true
problems/4_5/9_1767711946895.json,5,4,DISTANCE,946.525363,558.921825,0.590499,946.525363,OPTIMAL,12173,true,true
problems/4_5/9_1767711946895.json,5,4,PRICE,1027.603909,631.300703,0.614342,1027.603909,OPTIMAL,6901,true,true
problems/4_6/0_1767711946895.json,6,4,DISTANCE,3953.545920,2173.704435,0.549811,3953.545920,OPTIMAL,4957,true,true
problems/4_6/0_1767711946895.json,6,4,PRICE,4598.966276,2776.302409,0.603680,4598.966276,OPTIMAL,728,true,true
problems/4_6/1_1767711946895.json,6,4,DISTANCE,3128.534215,2588.994406,0.827542,3128.534215,OPTIMAL,998,true,true
problems/4_6/1_1767711946895.json,6,4,PRICE,4387.118234,3848.606190,0.877252,4387.118234,OPTIMAL,141,true,true
problems/4_6/2_1767711946895.json,6,4,DISTANCE,3071.131180,2161.546342,0.703827,3071.131180,OPTIMAL,425,true,true
problems/4_6/2_1767711946895.json,6,4,PRICE,4681.193983,3037.258530,0.648821,4681.193983,OPTIMAL,489,true,true
problems/4_6/3_1767711946895.json,6,4,DISTANCE,3415.292826,1863.036567,0.545498,3415.292826,TIMEDOUT,60001,true,true
problems/4_6/3_1767711946895.json,6,4,PRICE,5493.726457,2941.225623,0.535379,5493.726457,OPTIMAL,50607,true,true
problems/4_6/4_1767711946895.json,6,4,DISTANCE,3366.156885,1909.848596,0.567368,3366.156885,OPTIMAL,2293,true,true
problems/4_6/4_1767711946895.json,6,4,PRICE,4964.538134,2654.260171,0.534644,4964.538134,OPTIMAL,3209,true,true
problems/4_6/5_1767711946895.json,6,4,DISTANCE,3004.219642,2133.619490,0.710208,3004.219642,OPTIMAL,8652,true,true
problems/4_6/5_1767711946895.json,6,4,PRICE,6138.469065,4484.630420,0.730578,6138.469065,OPTIMAL,6766,true,true
problems/4_6/6_1767711946895.json,6,4,DISTANCE,2517.059423,1525.373252,0.606014,2517.059423,OPTIMAL,8729,true,true
problems/4_6/6_1767711946895.json,6,4,PRICE,3233.463745,2229.855983,0.689618,3233.463745,OPTIMAL,5888,true,true
problems/4_6/7_1767711946895.json,6,4,DISTANCE,3038.268119,1771.937603,0.583206,3038.268119,TIMEDOUT,60002,true,true
problems/4_6/7_1767711946895.json,6,4,PRICE,3603.871189,2375.498557,0.659152,3603.871189,TIMEDOUT,60004,true,true
problems/4_6/8_1767711946895.json,6,4,DISTANCE,2143.899803,1425.398953,0.664863,2143.899803,OPTIMAL,771,true,true
problems/4_6/8_1767711946895.json,6,4,PRICE,3052.017392,2188.931638,0.717208,3052.017392,OPTIMAL,552,true,true
problems/4_6/9_1767711946895.json,6,4,DISTANCE,1753.935596,1155.312463,0.658697,1753.935596,OPTIMAL,1557,true,true
problems/4_6/9_1767711946895.json,6,4,PRICE,3279.163138,2313.580800,0.705540,3279.163138,OPTIMAL,943,true,true
problems/4_7/0_1767711946895.json,7,4,DISTANCE,2993.004447,1838.117695,0.614138,2993.004447,OPTIMAL,22240,true,true
problems/4_7/0_1767711946895.json,7,4,PRICE,3390.616482,2408.781808,0.710426,3390.616482,OPTIMAL,5664,true,true
problems/4_7/1_1767711946895.json,7,4,DISTANCE,2506.479076,2123.894808,0.847362,2506.479076,OPTIMAL,2805,true,true
problems/4_7/1_1767711946895.json,7,4,PRICE,4148.580782,3469.357089,0.836276,4148.580782,OPTIMAL,1310,true,true
problems/4_7/2_1767711946895.json,7,4,DISTANCE,1001.139592,790.063074,0.789164,1001.139592,OPTIMAL,15299,true,true
problems/4_7/2_1767711946895.json,7,4,PRICE,1640.957262,1123.660170,0.684759,1640.957262,OPTIMAL,12332,true,true
problems/4_7/3_1767711946895.json,7,4,DISTANCE,2953.507931,1951.750784,0.660825,2953.507931,TIMEDOUT,60004,true,true
problems/4_7/3_1767711946895.json,7,4,PRICE,4749.221148,3278.935792,0.690415,4955.522166,TIMEDOUT,60004,true,false
problems/4_7/4_1767711946895.json,7,4,DISTANCE,3028.972275,2015.899564,0.665539,3028.972275,OPTIMAL,5911,true,true
problems/4_7/4_1767711946895.json,7,4,PRICE,4892.579016,3425.667359,0.700176,4892.579016,OPTIMAL,377,true,true
problems/4_7/5_1767711946895.json,7,4,DISTANCE,2026.984138,1389.687763,0.685594,2026.984138,OPTIMAL,7282,true,true
problems/4_7/5_1767711946895.json,7,4,PRICE,2769.905417,1721.056946,0.621341,2769.905417,OPTIMAL,4299,true,true
problems/4_7/6_1767711946895.json,7,4,DISTANCE,1681.422433,1146.264608,0.681723,1681.422433,OPTIMAL,15023,true,true
problems/4_7/6_1767711946895.json,7,4,PRICE,3162.188890,2098.491328,0.663620,3162.188890,OPTIMAL,14317,true,true
problems/4_7/7_1767711946895.json,7,4,DISTANCE,2896.995992,1486.463643,0.513105,2896.995992,OPTIMAL,7783,true,true
problems/4_7/7_1767711946895.json,7,4,PRICE,4661.164162,2354.649982,0.505163,4661.164162,OPTIMAL,5937,true,true
problems/4_7/8_1767711946895.json,7,4,DISTANCE,1624.187923,1136.821972,0.699933,1624.187923,OPTIMAL,5541,true,true
problems/4_7/8_1767711946895.json,7,4,PRICE,3535.366907,1956.189395,0.553320,3535.366907,OPTIMAL,55736,true,true
problems/4_7/9_1767711946895.json,7,4,DISTANCE,2189.274886,1539.998630,0.703429,2189.274886,OPTIMAL,7554,true,true
problems/4_7/9_1767711946895.json,7,4,PRICE,3497.056294,2482.000231,0.709740,3497.056294,OPTIMAL,13666,true,true
problems/5_1/0_1767711946895.json,1,5,DISTANCE,234.375866,234.375866,1.000000,234.375866,OPTIMAL,6,true,true
problems/5_1/0_1767711946895.json,1,5,PRICE,468.381601,347.757648,0.742467,468.381601,OPTIMAL,0,true,true
problems/5_1/1_1767711946895.json,1,5,DISTANCE,446.933578,326.922649,0.731479,446.933578,OPTIMAL,0,true,true
problems/5_1/1_1767711946895.json,1,5,PRICE,883.614442,618.246364,0.699679,883.614442,OPTIMAL,2,true,true
problems/5_1/2_1767711946895.json,1,5,DISTANCE,1020.699169,741.667395,0.726627,1020.699169,OPTIMAL,0,true,true
problems/5_1/2_1767711946895.json,1,5,PRICE,1916.289097,1327.680554,0.692839,1916.289097,OPTIMAL,0,true,true
problems/5_1/3_1767711946895.json,1,5,DISTANCE,981.458716,969.176775,0.987486,981.458716,OPTIMAL,0,true,true
problems/5_1/3_1767711946895.json,1,5,PRICE,2499.521628,2353.912879,0.941745,2499.521628,OPTIMAL,1,true,true
problems/5_1/4_1767711946895.json,1,5,DISTANCE,504.921231,459.400645,0.909846,504.921231,OPTIMAL,0,true,true
problems/5_1/4_1767711946895.json,1,5,PRICE,911.658617,811.069202,0.889663,911.658617,OPTIMAL,0,true,true
problems/5_1/5_1767711946895.json,1,5,DISTANCE,443.132523,183.036832,0.413052,443.132523,OPTIMAL,0,true,true
problems/5_1/5_1767711946895.json,1,5,PRICE,877.804412,219.044343,0.249537,877.804412,OPTIMAL,1,true,true
problems/5_1/6_1767711946895.json,1,5,DISTANCE,205.751651,205.751651,1.000000,205.751651,OPTIMAL,0,true,true
problems/5_1/6_1767711946895.json,1,5,PRICE,411.847208,378.683226,0.919475,411.847208,OPTIMAL,0,true,true
problems/5_1/7_1767711946895.json,1,5,DISTANCE,865.272145,648.291742,0.749234,865.272145,OPTIMAL,6,true,true
problems/5_1/7_1767711946895.json,1,5,PRICE,1161.161636,1161.161636,1.000000,1161.161636,OPTIMAL,0,true,true
problems/5_1/8_1767711946895.json,1,5,DISTANCE,706.114896,313.182011,0.443528,706.114896,OPTIMAL,6,true,true
problems/5_1/8_1767711946895.json,1,5,PRICE,1000.254711,400.813633,0.400712,1000.254711,OPTIMAL,6,true,true
problems/5_1/9_1767711946895.json,1,5,DISTANCE,397.301674,289.001101,0.727410,397.301674,OPTIMAL,0,true,true
problems/5_1/9_1767711946895.json,1,5,PRICE,833.385608,512.576380,0.615053,833.385608,OPTIMAL,0,true,true
problems/5_2/0_1767711946895.json,2,5,DISTANCE,895.955830,585.410810,0.653392,895.955830,OPTIMAL,18,true,true
problems/5_2/0_1767711946895.json,2,5,PRICE,1163.484317,776.885018,0.667723,1163.484317,OPTIMAL,11,true,true
problems/5_2/1_1767711946895.json,2,5,DISTANCE,350.311269,93.287993,0.266300,350.311269,OPTIMAL,12,true,true
problems/5_2/1_1767711946895.json,2,5,PRICE,673.010475,159.257018,0.236634,673.010475,OPTIMAL,41,true,true
problems/5_2/2_1767711946895.json,2,5,DISTANCE,163.323653,88.074631,0.539264,163.323653,OPTIMAL,17,true,true
problems/5_2/2_1767711946895.json,2,5,PRICE,208.805984,126.231316,0.604539,208.805984,OPTIMAL,13,true,true
problems/5_2/3_1767711946895.json,2,5,DISTANCE,1668.237789,1355.397069,0.812472,1668.237789,OPTIMAL,20,true,true
problems/5_2/3_1767711946895.json,2,5,PRICE,1935.023727,1476.707927,0.763147,1935.023727,OPTIMAL,13,true,true
problems/5_2/4_1767711946895.json,2,5,DISTANCE,1141.867233,1028.680077,0.900875,1141.867233,OPTIMAL,14,true,true
problems/5_2/4_1767711946895.json,2,5,PRICE,2403.376277,1636.482133,0.680910,2403.376277,OPTIMAL,20,true,true
problems/5_2/5_1767711946895.json,2,5,DISTANCE,965.190974,631.604983,0.654383,965.190974,OPTIMAL,247,true,true
problems/5_2/5_1767711946895.json,2,5,PRICE,1195.933120,868.675485,0.726358,1195.933120,OPTIMAL,17,true,true
problems/5_2/6_1767711946895.json,2,5,DISTANCE,782.221233,537.536861,0.687193,782.221233,OPTIMAL,33,true,true
problems/5_2/6_1767711946895.json,2,5,PRICE,1435.811441,1014.543789,0.706600,1435.811441,OPTIMAL,35,true,true
problems/5_2/7_1767711946895.json,2,5,DISTANCE,899.593241,846.243920,0.940696,899.593241,OPTIMAL,8,true,true
problems/5_2/7_1767711946895.json,2,5,PRICE,1114.180063,1019.850775,0.915337,1114.180063,OPTIMAL,12,true,true
problems/5_2/8_1767711946895.json,2,5,DISTANCE,858.180959,636.101115,0.741220,858.180959,OPTIMAL,28,true,true
problems/5_2/8_1767711946895.json,2,5,PRICE,1235.858108,899.410165,0.727762,1235.858108,OPTIMAL,29,true,true
problems/5_2/9_1767711946895.json,2,5,DISTANCE,927.593138,570.880640,0.615443,927.593138,OPTIMAL,62,true,true
problems/5_2/9_1767711946895.json,2,5,PRICE,1424.059727,798.300587,0.560581,1424.059727,OPTIMAL,13,true,true
problems/5_3/0_1767711946895.json,3,5,DISTANCE,1556.128526,954.365939,0.613295,1556.128526,OPTIMAL,35,true,true
problems/5_3/0_1767711946895.json,3,5,PRICE,3161.061480,1423.880160,0.450444,3161.061480,OPTIMAL,74,true,true
problems/5_3/1_1767711946895.json,3,5,DISTANCE,1518.317851,1188.624933,0.782856,1518.317851,OPTIMAL,32,true,true
problems/5_3/1_1767711946895.json,3,5,PRICE,2904.757276,1983.234924,0.682754,2904.757276,OPTIMAL,151,true,true
problems/5_3/2_1767711946895.json,3,5,DISTANCE,1323.627983,985.788544,0.744763,1323.627983,OPTIMAL,49,true,true
problems/5_3/2_1767711946895.json,3,5,PRICE,1492.608381,1073.371451,0.719125,1492.608381,OPTIMAL,29,true,true
problems/5_3/3_1767711946895.json,3,5,DISTANCE,858.980848,742.231655,0.864084,858.980848,OPTIMAL,71,true,true
problems/5_3/3_1767711946895.json,3,5,PRICE,1797.191543,1537.758826,0.855645,1797.191543,OPTIMAL,72,true,true
problems/5_3/4_1767711946895.json,3,5,DISTANCE,1053.983786,756.850516,0.718086,1053.983786,OPTIMAL,31,true,true
problems/5_3/4_1767711946895.json,3,5,PRICE,1440.247906,1019.097340,0.707585,1440.247906,OPTIMAL,27,true,true
problems/5_3/5_1767711946895.json,3,5,DISTANCE,1413.580832,1131.215354,0.800248,1413.580832,OPTIMAL,844,true,true
problems/5_3/5_1767711946895.json,3,5,PRICE,2407.974844,1811.477201,0.752282,2407.974844,OPTIMAL,285,true,true
problems/5_3/6_1767711946895.json,3,5,DISTANCE,1079.529274,791.836736,0.733502,1079.529274,OPTIMAL,150,true,true
problems/5_3/6_1767711946895.json,3,5,PRICE,2317.366717,1646.745106,0.710610,2317.366717,OPTIMAL,170,true,true
problems/5_3/7_1767711946895.json,3,5,DISTANCE,1655.958045,1587.634524,0.958741,1655.958045,OPTIMAL,19,true,true
problems/5_3/7_1767711946895.json,3,5,PRICE,2074.942323,2006.920089,0.967217,2074.942323,OPTIMAL,26,true,true
problems/5_3/8_1767711946895.json,3,5,DISTANCE,961.127605,532.515540,0.554053,961.127605,OPTIMAL,96,true,true
problems/5_3/8_1767711946895.json,3,5,PRICE,2113.761097,1172.920477,0.554897,2113.761097,OPTIMAL,84,true,true
problems/5_3/9_1767711946895.json,3,5,DISTANCE,1602.765417,1029.623417,0.642404,1602.765417,OPTIMAL,555,true,true
problems/5_3/9_1767711946895.json,3,5,PRICE,2897.599415,1856.408546,0.640671,2897.599415,OPTIMAL,341,true,true
problems/5_4/0_1767711946895.json,4,5,DISTANCE,2508.808651,2149.806280,0.856903,2508.808651,OPTIMAL,100,true,true
problems/5_4/0_1767711946895.json,4,5,PRICE,3404.494155,2666.787394,0.783314,3404.494155,OPTIMAL,98,true,true
problems/5_4/1_1767711946895.json,4,5,DISTANCE,1410.385545,896.582656,0.635700,1410.385545,OPTIMAL,1381,true,true
problems/5_4/1_1767711946895.json,4,5,PRICE,1521.053226,1002.849349,0.659312,1521.053226,OPTIMAL,601,true,true
problems/5_4/2_1767711946895.json,4,5,DISTANCE,1393.523507,1072.390828,0.769553,1393.523507,OPTIMAL,98,true,true
problems/5_4/2_1767711946895.json,4,5,PRICE,2339.793032,1600.602432,0.684079,2339.793032,OPTIMAL,185,true,true
problems/5_4/3_1767711946895.json,4,5,DISTANCE,1555.930626,1062.696698,0.682997,1555.930626,OPTIMAL,85,true,true
problems/5_4/3_1767711946895.json,4,5,PRICE,1964.705887,1443.151343,0.734538,1964.705887,OPTIMAL,178,true,true
problems/5_4/4_1767711946895.json,4,5,DISTANCE,1766.045634,1427.280125,0.808179,1766.045634,OPTIMAL,163,true,true
problems/5_4/4_1767711946895.json,4,5,PRICE,2762.740181,1871.799866,0.677516,2762.740181,OPTIMAL,749,true,true
problems/5_4/5_1767711946895.json,4,5,DISTANCE,1559.006617,1149.529097,0.737347,1559.006617,OPTIMAL,1570,true,true
problems/5_4/5_1767711946895.json,4,5,PRICE,2411.803067,1829.781482,0.758678,2411.803067,OPTIMAL,772,true,true
problems/5_4/6_1767711946895.json,4,5,DISTANCE,1807.237083,1270.186550,0.702833,1807.237083,OPTIMAL,487,true,true
problems/5_4/6_1767711946895.json,4,5,PRICE,4174.871642,2709.917364,0.649102,4174.871642,OPTIMAL,1152,true,true
problems/5_4/7_1767711946895.json,4,5,DISTANCE,2672.279986,1634.122555,0.611509,2672.279986,OPTIMAL,3213,true,true
problems/5_4/7_1767711946895.json,4,5,PRICE,2834.908484,1910.111994,0.673783,2834.908484,OPTIMAL,693,true,true
problems/5_4/8_1767711946895.json,4,5,DISTANCE,2020.815598,1908.210721,0.944278,2020.815598,OPTIMAL,59,true,true
problems/5_4/8_1767711946895.json,4,5,PRICE,2932.555932,2659.201399,0.906786,2932.555932,OPTIMAL,48,true,true
problems/5_4/9_1767711946895.json,4,5,DISTANCE,1855.485257,1784.998124,0.962011,1855.485257,OPTIMAL,50,true,true
problems/5_4/9_1767711946895.json,4,5,PRICE,3619.728564,3276.696541,0.905233,3619.728564,OPTIMAL,32,true,true
problems/5_5/0_1767711946895.json,5,5,DISTANCE,1891.952411,1313.082308,0.694036,1891.952411,OPTIMAL,3375,true,true
problems/5_5/0_1767711946895.json,5,5,PRICE,2067.935159,1668.147911,0.806673,2067.935159,OPTIMAL,214,true,true
problems/5_5/1_1767711946895.json,5,5,DISTANCE,1041.166611,608.230479,0.584182,1041.166611,OPTIMAL,477,true,true
problems/5_5/1_1767711946895.json,5,5,PRICE,1227.670721,724.777925,0.590368,1227.670721,OPTIMAL,575,true,true
problems/5_5/2_1767711946895.json,5,5,DISTANCE,2065.213093,1336.664472,0.647228,2065.213093,OPTIMAL,7699,true,true
problems/5_5/2_1767711946895.json,5,5,PRICE,3321.561679,2125.297209,0.639849,3321.561679,OPTIMAL,5646,true,true
problems/5_5/3_1767711946895.json,5,5,DISTANCE,1886.314423,855.563019,0.453563,1886.314423,OPTIMAL,3083,true,true
problems/5_5/3_1767711946895.json,5,5,PRICE,3814.553086,1742.767424,0.456873,3814.553086,OPTIMAL,3175,true,true
problems/5_5/4_1767711946895.json,5,5,DISTANCE,1921.605183,1489.891410,0.775337,1921.605183,OPTIMAL,1248,true,true
problems/5_5/4_1767711946895.json,5,5,PRICE,2951.633052,2515.601204,0.852274,2951.633052,OPTIMAL,80,true,true
problems/5_5/5_1767711946895.json,5,5,DISTANCE,1317.611111,864.647450,0.656224,1317.611111,OPTIMAL,3323,true,true
problems/5_5/5_1767711946895.json,5,5,PRICE,2552.880051,1635.941401,0.640822,2552.880051,OPTIMAL,2039,true,true
problems/5_5/6_1767711946895.json,5,5,DISTANCE,3408.816083,1626.520277,0.477151,3408.816083,OPTIMAL,16104,true,true
problems/5_5/6_1767711946895.json,5,5,PRICE,3837.474269,2158.906626,0.562585,3837.474269,OPTIMAL,6902,true,true
problems/5_5/7_1767711946895.json,5,5,DISTANCE,3007.868839,2415.191562,0.802958,3007.868839,OPTIMAL,3528,true,true
problems/5_5/7_1767711946895.json,5,5,PRICE,4116.364954,3327.426095,0.808341,4116.364954,OPTIMAL,498,true,true
problems/5_5/8_1767711946895.json,5,5,DISTANCE,1366.105835,919.054219,0.672755,1366.105835,OPTIMAL,1417,true,true
problems/5_5/8_1767711946895.json,5,5,PRICE,1943.136792,1266.396652,0.651728,1943.136792,OPTIMAL,415,true,true
problems/5_5/9_1767711946895.json,5,5,DISTANCE,1535.677695,982.162067,0.639563,1535.677695,OPTIMAL,4291,true,true
problems/5_5/9_1767711946895.json,5,5,PRICE,2226.938431,1395.808297,0.626784,2226.938431,OPTIMAL,2474,true,true
problems/5_6/0_1767711946895.json,6,5,DISTANCE,1770.762022,1151.593442,0.650338,1770.762022,OPTIMAL,4189,true,true
problems/5_6/0_1767711946895.json,6,5,PRICE,2331.435775,1680.204782,0.720674,2331.435775,OPTIMAL,787,true,true
problems/5_6/1_1767711946895.json,6,5,DISTANCE,3258.967732,2007.712385,0.616058,3258.967732,OPTIMAL,2631,true,true
problems/5_6/1_1767711946895.json,6,5,PRICE,3740.040602,2625.072985,0.701884,3740.040602,OPTIMAL,551,true,true
problems/5_6/2_1767711946895.json,6,5,DISTANCE,1921.707694,864.608100,0.449917,1921.707694,OPTIMAL,5932,true,true
problems/5_6/2_1767711946895.json,6,5,PRICE,2794.066683,1124.595882,0.402494,2794.066683,OPTIMAL,6685,true,true
problems/5_6/3_1767711946895.json,6,5,DISTANCE,2578.137677,1672.549387,0.648743,2578.137677,OPTIMAL,22168,true,true
problems/5_6/3_1767711946895.json,6,5,PRICE,3254.862446,2247.371610,0.690466,3254.862446,OPTIMAL,9009,true,true
problems/5_6/4_1767711946895.json,6,5,DISTANCE,1768.075541,1173.729601,0.663846,1768.075541,OPTIMAL,10383,true,true
problems/5_6/4_1767711946895.json,6,5,PRICE,2815.599185,1979.280463,0.702970,2815.599185,OPTIMAL,4192,true,true
problems/5_6/5_1767711946895.json,6,5,DISTANCE,1647.776321,1120.650321,0.680099,1647.776321,OPTIMAL,19594,true,true
problems/5_6/5_1767711946895.json,6,5,PRICE,2328.052859,1575.443735,0.676722,2328.052859,OPTIMAL,21397,true,true
problems/5_6/6_1767711946895.json,6,5,DISTANCE,3388.494244,2802.704443,0.827124,3388.494244,OPTIMAL,2931,true,true
problems/5_6/6_1767711946895.json,6,5,PRICE,6206.745671,5169.487877,0.832882,6206.745671,OPTIMAL,2694,true,true
problems/5_6/7_1767711946895.json,6,5,DISTANCE,2361.073570,1286.133326,0.544724,2361.073570,OPTIMAL,6446,true,true
problems/5_6/7_1767711946895.json,6,5,PRICE,2734.805871,1617.611367,0.591490,2734.805871,OPTIMAL,1133,true,true
problems/5_6/8_1767711946895.json,6,5,DISTANCE,959.036582,300.879446,0.313731,959.036582,OPTIMAL,3789,true,true
problems/5_6/8_1767711946895.json,6,5,PRICE,1098.977320,335.728741,0.305492,1098.977320,OPTIMAL,2294,true,true
problems/5_6/9_1767711946895.json,6,5,DISTANCE,1722.116961,1063.566373,0.617592,1722.116961,OPTIMAL,6180,true,true
problems/5_6/9_1767711946895.json,6,5,PRICE,2074.364685,1231.523827,0.593687,2074.364685,OPTIMAL,5167,true,true
problems/5_7/0_1767711946895.json,7,5,DISTANCE,3937.012098,2631.914994,0.668506,3937.012098,OPTIMAL,16979,true,true
problems/5_7/0_1767711946895.json,7,5,PRICE,5129.932401,3585.782938,0.698992,5129.932401,OPTIMAL,6491,true,true
problems/5_7/1_1767711946895.json,7,5,DISTANCE,3731.966740,2097.558054,0.562052,3731.966740,TIMEDOUT,60002,true,true
problems/5_7/1_1767711946895.json,7,5,PRICE,5191.970563,3184.197405,0.613293,5191.970563,TIMEDOUT,60004,true,true
problems/5_7/2_1767711946895.json,7,5,DISTANCE,4394.719359,2897.974635,0.659422,4394.719359,OPTIMAL,15363,true,true
problems/5_7/2_1767711946895.json,7,5,PRICE,4876.177403,3509.886937,0.719803,4876.177403,OPTIMAL,4062,true,true
problems/5_7/3_1767711946895.json,7,5,DISTANCE,1548.942483,685.965033,0.442860,1548.942483,TIMEDOUT,60003,true,true
problems/5_7/3_1767711946895.json,7,5,PRICE,2138.185080,857.118398,0.400863,2254.792643,TIMEDOUT,60004,true,false
problems/5_7/4_1767711946895.json,7,5,DISTANCE,3222.768095,2305.201986,0.715286,3222.768095,OPTIMAL,11270,true,true
problems/5_7/4_1767711946895.json,7,5,PRICE,4714.756186,3714.399833,0.787824,4714.756186,OPTIMAL,3198,true,true
problems/5_7/5_1767711946895.json,7,5,DISTANCE,3041.418708,1981.967411,0.651659,3041.418708,TIMEDOUT,60004,true,true
problems/5_7/5_1767711946895.json,7,5,PRICE,4321.769751,2469.354823,0.571376,4426.981161,TIMEDOUT,60003,true,false
problems/5_7/6_1767711946895.json,7,5,DISTANCE,3126.087301,2297.669750,0.734999,3126.087301,OPTIMAL,4831,true,true
problems/5_7/6_1767711946895.json,7,5,PRICE,4326.408355,3419.074639,0.790280,4326.408355,OPTIMAL,3043,true,true
problems/5_7/7_1767711946895.json,7,5,DISTANCE,1820.714365,991.414442,0.544519,1820.714365,OPTIMAL,15770,true,true
problems/5_7/7_1767711946895.json,7,5,PRICE,2863.943813,1536.222044,0.536401,2863.943813,OPTIMAL,13127,true,true
problems/5_7/8_1767711946895.json,7,5,DISTANCE,3719.013798,2216.097768,0.595883,3770.364745,TIMEDOUT,60002,true,false
problems/5_7/8_1767711946895.json,7,5,PRICE,5670.886417,3763.073766,0.663578,5670.886417,TIMEDOUT,60004,true,true
problems/5_7/9_1767711946895.json,7,5,DISTANCE,2999.864333,1467.056894,0.489041,2999.864333,OPTIMAL,30790,true,true
problems/5_7/9_1767711946895.json,7,5,PRICE,4249.931940,2018.499238,0.474949,4249.931940,OPTIMAL,7240,true,true
problems/6_1/0_1767711946895.json,1,6,DISTANCE,251.335627,140.779334,0.560125,251.335627,OPTIMAL,0,true,true
problems/6_1/0_1767711946895.json,1,6,PRICE,269.560342,210.866701,0.782262,269.560342,OPTIMAL,0,true,true
problems/6_1/1_1767711946895.json,1,6,DISTANCE,498.481931,339.293817,0.680654,498.481931,OPTIMAL,1,true,true
problems/6_1/1_1767711946895.json,1,6,PRICE,564.980598,353.979183,0.626533,564.980598,OPTIMAL,1,true,true
problems/6_1/2_1767711946895.json,1,6,DISTANCE,941.375274,820.493746,0.871591,941.375274,OPTIMAL,0,true,true
problems/6_1/2_1767711946895.json,1,6,PRICE,1482.107668,1054.715653,0.711632,1482.107668,OPTIMAL,6,true,true
problems/6_1/3_1767711946895.json,1,6,DISTANCE,728.990643,422.139532,0.579074,728.990643,OPTIMAL,1,true,true
problems/6_1/3_1767711946895.json,1,6,PRICE,1115.446412,593.410796,0.531994,1115.446412,OPTIMAL,6,true,true
problems/6_1/4_1767711946895.json,1,6,DISTANCE,169.882665,124.095374,0.730477,169.882665,OPTIMAL,6,true,true
problems/6_1/4_1767711946895.json,1,6,PRICE,293.521229,169.734580,0.578270,293.521229,OPTIMAL,6,true,true
problems/6_1/5_1767711946895.json,1,6,DISTANCE,238.802771,232.308572,0.972805,238.802771,OPTIMAL,0,true,true
problems/6_1/5_1767711946895.json,1,6,PRICE,574.634618,504.880691,0.878612,574.634618,OPTIMAL,0,true,true
problems/6_1/6_1767711946895.json,1,6,DISTANCE,866.169173,772.486741,0.891843,866.169173,OPTIMAL,0,true,true
problems/6_1/6_1767711946895.json,1,6,PRICE,1613.886107,1569.046399,0.972216,1613.886107,OPTIMAL,0,true,true
problems/6_1/7_1767711946895.json,1,6,DISTANCE,291.758952,249.973790,0.856782,291.758952,OPTIMAL,0,true,true
problems/6_1/7_1767711946895.json,1,6,PRICE,410.516872,370.285152,0.901997,410.516872,OPTIMAL,6,true,true
problems/6_1/8_1767711946895.json,1,6,DISTANCE,415.478362,415.478362,1.000000,415.478362,OPTIMAL,6,true,true
problems/6_1/8_1767711946895.json,1,6,PRICE,917.549234,804.115884,0.876374,917.549234,OPTIMAL,0,true,true
problems/6_1/9_1767711946895.json,1,6,DISTANCE,580.001225,423.356065,0.729923,580.001225,OPTIMAL,0,true,true
problems/6_1/9_1767711946895.json,1,6,PRICE,932.649007,591.278028,0.633977,932.649007,OPTIMAL,0,true,true
problems/6_2/0_1767711946895.json,2,6,DISTANCE,1296.376352,885.322255,0.682921,1296.376352,OPTIMAL,26,true,true
problems/6_2/0_1767711946895.json,2,6,PRICE,1754.179454,1288.746713,0.734672,1754.179454,OPTIMAL,13,true,true
problems/6_2/1_1767711946895.json,2,6,DISTANCE,1355.787980,1311.472331,0.967314,1355.787980,OPTIMAL,8,true,true
problems/6_2/1_1767711946895.json,2,6,PRICE,2714.388779,2293.102603,0.844795,2714.388779,OPTIMAL,15,true,true
problems/6_2/2_1767711946895.json,2,6,DISTANCE,805.561851,358.344445,0.444838,805.561851,OPTIMAL,41,true,true
problems/6_2/2_1767711946895.json,2,6,PRICE,1580.165905,799.331857,0.505853,1580.165905,OPTIMAL,30,true,true
problems/6_2/3_1767711946895.json,2,6,DISTANCE,300.599840,185.762042,0.617971,300.599840,OPTIMAL,13,true,true
problems/6_2/3_1767711946895.json,2,6,PRICE,434.057649,200.283616,0.461422,434.057649,OPTIMAL,17,true,true
problems/6_2/4_1767711946895.json,2,6,DISTANCE,1023.892821,556.757273,0.543765,1023.892821,OPTIMAL,47,true,true
problems/6_2/4_1767711946895.json,2,6,PRICE,1029.546490,643.426086,0.624961,1029.546490,OPTIMAL,17,true,true
problems/6_2/5_1767711946895.json,2,6,DISTANCE,2253.764293,2253.764293,1.000000,2253.764293,OPTIMAL,7,true,true
problems/6_2/5_1767711946895.json,2,6,PRICE,2429.382002,2429.382002,1.000000,2429.382002,OPTIMAL,7,true,true
problems/6_2/6_1767711946895.json,2,6,DISTANCE,1854.207375,1572.286879,0.847956,1854.207375,OPTIMAL,15,true,true
problems/6_2/6_1767711946895.json,2,6,PRICE,2010.659131,1878.969903,0.934504,2010.659131,OPTIMAL,10,true,true
problems/6_2/7_1767711946895.json,2,6,DISTANCE,973.039543,854.709018,0.878391,973.039543,OPTIMAL,14,true,true
problems/6_2/7_1767711946895.json,2,6,PRICE,1591.283553,1379.785439,0.867090,1591.283553,OPTIMAL,9,true,true
problems/6_2/8_1767711946895.json,2,6,DISTANCE,451.575901,331.173979,0.733374,451.575901,OPTIMAL,26,true,true
problems/6_2/8_1767711946895.json,2,6,PRICE,773.387599,488.180827,0.631224,773.387599,OPTIMAL,24,true,true
problems/6_2/9_1767711946895.json,2,6,DISTANCE,1339.479062,1145.416709,0.855121,1339.479062,OPTIMAL,21,true,true
problems/6_2/9_1767711946895.json,2,6,PRICE,2730.584313,2248.649479,0.823505,2730.584313,OPTIMAL,45,true,true
problems/6_3/0_1767711946895.json,3,6,DISTANCE,1042.402636,718.547537,0.689319,1042.402636,OPTIMAL,168,true,true
problems/6_3/0_1767711946895.json,3,6,PRICE,1483.262181,1225.918228,0.826501,1483.262181,OPTIMAL,45,true,true
problems/6_3/1_1767711946895.json,3,6,DISTANCE,1470.488142,891.408186,0.606199,1470.488142,OPTIMAL,357,true,true
problems/6_3/1_1767711946895.json,3,6,PRICE,2016.509644,1356.145410,0.672521,2016.509644,OPTIMAL,173,true,true
problems/6_3/2_1767711946895.json,3,6,DISTANCE,979.979232,732.623993,0.747591,979.979232,OPTIMAL,258,true,true
problems/6_3/2_1767711946895.json,3,6,PRICE,1125.532388,861.429109,0.765353,1125.532388,OPTIMAL,71,true,true
problems/6_3/3_1767711946895.json,3,6,DISTANCE,1240.812188,897.219849,0.723091,1240.812188,OPTIMAL,39,true,true
problems/6_3/3_1767711946895.json,3,6,PRICE,2022.860328,1475.854418,0.729588,2022.860328,OPTIMAL,35,true,true
problems/6_3/4_1767711946895.json,3,6,DISTANCE,665.889725,566.051833,0.850068,665.889725,OPTIMAL,61,true,true
problems/6_3/4_1767711946895.json,3,6,PRICE,1453.514571,803.201271,0.552593,1453.514571,OPTIMAL,553,true,true
problems/6_3/5_1767711946895.json,3,6,DISTANCE,1085.757977,819.068163,0.754375,1085.757977,OPTIMAL,135,true,true
problems/6_3/5_1767711946895.json,3,6,PRICE,2023.253502,1571.238470,0.776590,2023.253502,OPTIMAL,69,true,true
problems/6_3/6_1767711946895.json,3,6,DISTANCE,4001.363404,2926.957626,0.731490,4001.363404,OPTIMAL,83,true,true
problems/6_3/6_1767711946895.json,3,6,PRICE,4745.460298,3519.061459,0.741564,4745.460298,OPTIMAL,57,true,true
problems/6_3/7_1767711946895.json,3,6,DISTANCE,1616.186450,582.881514,0.360652,1616.186450,OPTIMAL,226,true,true
problems/6_3/7_1767711946895.json,3,6,PRICE,2130.793867,867.677099,0.407208,2130.793867,OPTIMAL,271,true,true
problems/6_3/8_1767711946895.json,3,6,DISTANCE,518.171565,323.541947,0.624392,518.171565,OPTIMAL,167,true,true
problems/6_3/8_1767711946895.json,3,6,PRICE,702.595329,438.949819,0.624755,702.595329,OPTIMAL,93,true,true
problems/6_3/9_1767711946895.json,3,6,DISTANCE,2632.733401,2068.395128,0.785645,2632.733401,OPTIMAL,876,true,true
problems/6_3/9_1767711946895.json,3,6,PRICE,3101.028425,2580.016906,0.831988,3101.028425,OPTIMAL,118,true,true
problems/6_4/0_1767711946895.json,4,6,DISTANCE,1498.583952,639.862736,0.426978,1498.583952,OPTIMAL,3452,true,true
problems/6_4/0_1767711946895.json,4,6,PRICE,2790.458812,1197.930414,0.429295,2790.458812,OPTIMAL,2044,true,true
problems/6_4/1_1767711946895.json,4,6,DISTANCE,2737.680036,2029.400691,0.741285,2737.680036,OPTIMAL,1921,true,true
problems/6_4/1_1767711946895.json,4,6,PRICE,3613.431002,2876.533639,0.796067,3613.431002,OPTIMAL,375,true,true
problems/6_4/2_1767711946895.json,4,6,DISTANCE,1806.944845,1461.657452,0.808911,1806.944845,OPTIMAL,663,true,true
problems/6_4/2_1767711946895.json,4,6,PRICE,1904.272533,1830.745241,0.961388,1904.272533,OPTIMAL,72,true,true
problems/6_4/3_1767711946895.json,4,6,DISTANCE,1043.199533,716.355452,0.686691,1043.199533,OPTIMAL,944,true,true
problems/6_4/3_1767711946895.json,4,6,PRICE,1930.207531,1331.702948,0.689927,1930.207531,OPTIMAL,1140,true,true
problems/6_4/4_1767711946895.json,4,6,DISTANCE,1087.321834,816.278822,0.750724,1087.321834,OPTIMAL,153,true,true
problems/6_4/4_1767711946895.json,4,6,PRICE,1719.144138,1085.540823,0.631443,1719.144138,OPTIMAL,330,true,true
problems/6_4/5_1767711946895.json,4,6,DISTANCE,3420.820014,2342.734791,0.684846,3420.820014,OPTIMAL,1458,true,true
problems/6_4/5_1767711946895.json,4,6,PRICE,4547.726726,2968.243458,0.652687,4547.726726,OPTIMAL,1375,true,true
problems/6_4/6_1767711946895.json,4,6,DISTANCE,2288.030499,1108.169779,0.484333,2288.030499,OPTIMAL,2543,true,true
problems/6_4/6_1767711946895.json,4,6,PRICE,4973.348576,2672.432147,0.537351,4973.348576,OPTIMAL,3080,true,true
problems/6_4/7_1767711946895.json,4,6,DISTANCE,1613.714841,1367.827902,0.847627,1613.714841,OPTIMAL,174,true,true
problems/6_4/7_1767711946895.json,4,6,PRICE,2147.252218,1799.453557,0.838026,2147.252218,OPTIMAL,154,true,true
problems/6_4/8_1767711946895.json,4,6,DISTANCE,1088.008489,794.775349,0.730486,1088.008489,OPTIMAL,1291,true,true
problems/6_4/8_1767711946895.json,4,6,PRICE,1630.235145,1149.500606,0.705113,1630.235145,OPTIMAL,701,true,true
problems/6_4/9_1767711946895.json,4,6,DISTANCE,1940.398227,1530.649932,0.788833,1940.398227,OPTIMAL,1771,true,true
problems/6_4/9_1767711946895.json,4,6,PRICE,2814.291845,2216.066633,0.787433,2814.291845,OPTIMAL,523,true,true
problems/6_5/0_1767711946895.json,5,6,DISTANCE,1513.434128,616.478871,0.407338,1513.434128,OPTIMAL,5504,true,true
problems/6_5/0_1767711946895.json,5,6,PRICE,1820.769796,656.402062,0.360508,1820.769796,OPTIMAL,3149,true,true
problems/6_5/1_1767711946895.json,5,6,DISTANCE,2489.516109,1496.686783,0.601196,2489.516109,OPTIMAL,12017,true,true
problems/6_5/1_1767711946895.json,5,6,PRICE,4039.993312,2545.640032,0.630110,4039.993312,OPTIMAL,7452,true,true
problems/6_5/2_1767711946895.json,5,6,DISTANCE,1293.095254,645.989982,0.499569,1293.095254,OPTIMAL,4082,true,true
problems/6_5/2_1767711946895.json,5,6,PRICE,2172.722986,972.704014,0.447689,2172.722986,OPTIMAL,2486,true,true
problems/6_5/3_1767711946895.json,5,6,DISTANCE,2455.029411,1939.059422,0.789831,2455.029411,OPTIMAL,202,true,true
problems/6_5/3_1767711946895.json,5,6,PRICE,3049.581903,2365.269931,0.775605,3049.581903,OPTIMAL,128,true,true
problems/6_5/4_1767711946895.json,5,6,DISTANCE,1789.941486,1500.012811,0.838023,1789.941486,OPTIMAL,245,true,true
problems/6_5/4_1767711946895.json,5,6,PRICE,2201.038286,1890.131703,0.858745,2201.038286,OPTIMAL,157,true,true
problems/6_5/5_1767711946895.json,5,6,DISTANCE,1503.309404,994.796100,0.661737,1503.309404,OPTIMAL,1086,true,true
problems/6_5/5_1767711946895.json,5,6,PRICE,2305.905564,1298.395452,0.563074,2305.905564,OPTIMAL,502,true,true
problems/6_5/6_1767711946895.json,5,6,DISTANCE,2175.519237,1445.935467,0.664639,2175.519237,OPTIMAL,6449,true,true
problems/6_5/6_1767711946895.json,5,6,PRICE,2586.967272,1652.274847,0.638692,2586.967272,OPTIMAL,4874,true,true
problems/6_5/7_1767711946895.json,5,6,DISTANCE,1697.654296,1092.136016,0.643321,1697.654296,OPTIMAL,5642,true,true
problems/6_5/7_1767711946895.json,5,6,PRICE,2607.197465,1676.871787,0.643170,2607.197465,OPTIMAL,1684,true,true
problems/6_5/8_1767711946895.json,5,6,DISTANCE,3292.373158,2153.394367,0.654055,3292.373158,OPTIMAL,19841,true,true
problems/6_5/8_1767711946895.json,5,6,PRICE,5193.999364,3451.349574,0.664488,5193.999364,OPTIMAL,9645,true,true
problems/6_5/9_1767711946895.json,5,6,DISTANCE,2021.339290,1608.026337,0.795525,2021.339290,OPTIMAL,797,true,true
problems/6_5/9_1767711946895.json,5,6,PRICE,2403.920121,1983.620560,0.825161,2403.920121,OPTIMAL,329,true,true
problems/6_6/0_1767711946895.json,6,6,DISTANCE,2403.492992,1307.915455,0.544173,2403.492992,OPTIMAL,9756,true,true
problems/6_6/0_1767711946895.json,6,6,PRICE,3592.221985,1998.007281,0.556204,3592.221985,OPTIMAL,5996,true,true
problems/6_6/1_1767711946895.json,6,6,DISTANCE,1478.780276,959.184699,0.648632,1478.780276,OPTIMAL,2296,true,true
problems/6_6/1_1767711946895.json,6,6,PRICE,2028.744471,1316.601815,0.648974,2028.744471,OPTIMAL,4721,true,true
problems/6_6/2_1767711946895.json,6,6,DISTANCE,2500.920320,1302.539778,0.520824,2500.920320,OPTIMAL,8488,true,true
problems/6_6/2_1767711946895.json,6,6,PRICE,3009.126716,1496.021770,0.497161,3009.126716,OPTIMAL,5442,true,true
problems/6_6/3_1767711946895.json,6,6,DISTANCE,1816.650236,1327.891283,0.730956,1816.650236,OPTIMAL,5768,true,true
problems/6_6/3_1767711946895.json,6,6,PRICE,2696.092862,2045.675097,0.758755,2696.092862,OPTIMAL,3511,true,true
problems/6_6/4_1767711946895.json,6,6,DISTANCE,2168.083142,1150.457150,0.530633,2168.083142,OPTIMAL,17764,true,true
problems/6_6/4_1767711946895.json,6,6,PRICE,3358.401471,2031.846914,0.605004,3358.401471,OPTIMAL,15697,true,true
problems/6_6/5_1767711946895.json,6,6,DISTANCE,1257.470332,1055.576030,0.839444,1257.470332,OPTIMAL,1984,true,true
problems/6_6/5_1767711946895.json,6,6,PRICE,2170.127203,1600.409697,0.737473,2170.127203,OPTIMAL,5642,true,true
problems/6_6/6_1767711946895.json,6,6,DISTANCE,3273.325840,2130.733365,0.650938,3273.325840,OPTIMAL,9126,true,true
problems/6_6/6_1767711946895.json,6,6,PRICE,4749.421606,3614.984800,0.761142,4749.421606,OPTIMAL,2286,true,true
problems/6_6/7_1767711946895.json,6,6,DISTANCE,2449.066412,1673.071850,0.683147,2449.066412,OPTIMAL,8588,true,true
problems/6_6/7_1767711946895.json,6,6,PRICE,2935.370339,1892.918130,0.644865,2935.370339,OPTIMAL,832,true,true
problems/6_6/8_1767711946895.json,6,6,DISTANCE,2666.607576,2140.852722,0.802838,2666.607576,OPTIMAL,1772,true,true
problems/6_6/8_1767711946895.json,6,6,PRICE,4421.056148,3417.514568,0.773009,4421.056148,OPTIMAL,3389,true,true
problems/6_6/9_1767711946895.json,6,6,DISTANCE,4252.755402,3051.664007,0.717573,4252.755402,OPTIMAL,5217,true,true
problems/6_6/9_1767711946895.json,6,6,PRICE,7613.690213,5716.704585,0.750845,7613.690213,OPTIMAL,721,true,true
problems/6_7/0_1767711946895.json,7,6,DISTANCE,1508.031773,960.315290,0.636800,1508.031773,OPTIMAL,9828,true,true
problems/6_7/0_1767711946895.json,7,6,PRICE,1597.839401,1020.771824,0.638845,1597.839401,OPTIMAL,2814,true,true
problems/6_7/1_1767711946895.json,7,6,DISTANCE,2313.509368,1718.997102,0.743026,2313.509368,OPTIMAL,12349,true,true
problems/6_7/1_1767711946895.json,7,6,PRICE,2562.823851,2133.433139,0.832454,2562.823851,OPTIMAL,2843,true,true
problems/6_7/2_1767711946895.json,7,6,DISTANCE,3789.454252,2559.404820,0.675402,3789.454252,TIMEDOUT,60007,true,true
problems/6_7/2_1767711946895.json,7,6,PRICE,4292.880010,3227.871377,0.751913,4292.880010,OPTIMAL,15009,true,true
problems/6_7/3_1767711946895.json,7,6,DISTANCE,1563.543352,624.729682,0.399560,1569.530077,TIMEDOUT,60003,true,false
problems/6_7/3_1767711946895.json,7,6,PRICE,2070.998371,811.962061,0.392063,2070.998371,OPTIMAL,28188,true,true
problems/6_7/4_1767711946895.json,7,6,DISTANCE,2094.761257,1389.388233,0.663268,2094.761257,OPTIMAL,13389,true,true
problems/6_7/4_1767711946895.json,7,6,PRICE,2424.922730,1702.133049,0.701933,2424.922730,OPTIMAL,7052,true,true
problems/6_7/5_1767711946895.json,7,6,DISTANCE,2582.863703,1382.244429,0.535160,2582.863703,OPTIMAL,13031,true,true
problems/6_7/5_1767711946895.json,7,6,PRICE,4283.660583,1959.169702,0.457359,4283.660583,OPTIMAL,14266,true,true
problems/6_7/6_1767711946895.json,7,6,DISTANCE,3489.780022,2520.835750,0.722348,3489.780022,OPTIMAL,19555,true,true
problems/6_7/6_1767711946895.json,7,6,PRICE,5669.975114,4358.052374,0.768619,5669.975114,OPTIMAL,14116,true,true
problems/6_7/7_1767711946895.json,7,6,DISTANCE,4630.316648,2819.621952,0.608948,4647.051908,TIMEDOUT,60004,true,false
problems/6_7/7_1767711946895.json,7,6,PRICE,6252.130507,4096.398887,0.655200,6252.130507,TIMEDOUT,60004,true,true
problems/6_7/8_1767711946895.json,7,6,DISTANCE,3926.490766,3384.858177,0.862057,3926.490766,OPTIMAL,5302,true,true
problems/6_7/8_1767711946895.json,7,6,PRICE,5871.760634,5154.147783,0.877786,5871.760634,OPTIMAL,3671,true,true
problems/6_7/9_1767711946895.json,7,6,DISTANCE,4311.457521,2820.957989,0.654293,4428.683055,TIMEDOUT,60002,true,false
problems/6_7/9_1767711946895.json,7,6,PRICE,6317.381297,4274.315777,0.676596,6331.473618,TIMEDOUT,60004,true,false
problems/7_1/0_1767711946895.json,1,7,DISTANCE,179.104091,179.104091,1.000000,179.104091,OPTIMAL,1,true,true
problems/7_1/0_1767711946895.json,1,7,PRICE,396.571003,333.419714,0.840757,396.571003,OPTIMAL,1,true,true
problems/7_1/1_1767711946895.json,1,7,DISTANCE,530.505422,415.326033,0.782887,530.505422,OPTIMAL,0,true,true
problems/7_1/1_1767711946895.json,1,7,PRICE,637.643333,620.266229,0.972748,637.643333,OPTIMAL,1,true,true
problems/7_1/2_1767711946895.json,1,7,DISTANCE,152.476961,90.392985,0.592830,152.476961,OPTIMAL,0,true,true
problems/7_1/2_1767711946895.json,1,7,PRICE,195.477966,106.218229,0.543377,195.477966,OPTIMAL,0,true,true
problems/7_1/3_1767711946895.json,1,7,DISTANCE,560.520819,516.305330,0.921117,560.520819,OPTIMAL,0,true,true
problems/7_1/3_1767711946895.json,1,7,PRICE,618.573614,618.573614,1.000000,618.573614,OPTIMAL,0,true,true
problems/7_1/4_1767711946895.json,1,7,DISTANCE,268.984127,44.726534,0.166279,268.984127,OPTIMAL,0,true,true
problems/7_1/4_1767711946895.json,1,7,PRICE,435.949598,53.643983,0.123051,435.949598,OPTIMAL,0,true,true
problems/7_1/5_1767711946895.json,1,7,DISTANCE,333.288387,304.363900,0.913215,333.288387,OPTIMAL,0,true,true
problems/7_1/5_1767711946895.json,1,7,PRICE,614.586210,483.526270,0.786751,614.586210,OPTIMAL,0,true,true
problems/7_1/6_1767711946895.json,1,7,DISTANCE,557.136369,447.160603,0.802605,557.136369,OPTIMAL,0,true,true
problems/7_1/6_1767711946895.json,1,7,PRICE,695.284708,605.737596,0.871208,695.284708,OPTIMAL,0,true,true
problems/7_1/7_1767711946895.json,1,7,DISTANCE,390.843523,345.574743,0.884177,390.843523,OPTIMAL,0,true,true
problems/7_1/7_1767711946895.json,1,7,PRICE,747.617031,443.076016,0.592651,747.617031,OPTIMAL,6,true,true
problems/7_1/8_1767711946895.json,1,7,DISTANCE,265.451880,233.142891,0.878287,265.451880,OPTIMAL,1,true,true
problems/7_1/8_1767711946895.json,1,7,PRICE,489.657587,387.774628,0.791930,489.657587,OPTIMAL,1,true,true
problems/7_1/9_1767711946895.json,1,7,DISTANCE,341.646222,233.142891,0.682410,341.646222,OPTIMAL,0,true,true
problems/7_1/9_1767711946895.json,1,7,PRICE,353.448395,258.083883,0.730188,353.448395,OPTIMAL,6,true,true
problems/7_2/0_1767711946895.json,2,7,DISTANCE,168.283367,28.879864,0.171614,168.283367,OPTIMAL,120,true,true
problems/7_2/0_1767711946895.json,2,7,PRICE,202.418694,35.131287,0.173558,202.418694,OPTIMAL,225,true,true
problems/7_2/1_1767711946895.json,2,7,DISTANCE,367.239202,207.428192,0.564831,367.239202,OPTIMAL,74,true,true
problems/7_2/1_1767711946895.json,2,7,PRICE,536.111247,260.454676,0.485822,536.111247,OPTIMAL,29,true,true
problems/7_2/2_1767711946895.json,2,7,DISTANCE,1517.729940,1471.302568,0.969410,1517.729940,OPTIMAL,17,true,true
problems/7_2/2_1767711946895.json,2,7,PRICE,2093.678502,2093.678502,1.000000,2093.678502,OPTIMAL,9,true,true
problems/7_2/3_1767711946895.json,2,7,DISTANCE,586.068789,446.776612,0.762328,586.068789,OPTIMAL,19,true,true
problems/7_2/3_1767711946895.json,2,7,PRICE,1391.313538,737.959427,0.530405,1391.313538,OPTIMAL,54,true,true
problems/7_2/4_1767711946895.json,2,7,DISTANCE,658.383135,316.578366,0.480842,658.383135,OPTIMAL,68,true,true
problems/7_2/4_1767711946895.json,2,7,PRICE,1428.221933,606.161479,0.424417,1428.221933,OPTIMAL,76,true,true
problems/7_2/5_1767711946895.json,2,7,DISTANCE,829.131616,698.893219,0.842922,829.131616,OPTIMAL,27,true,true
problems/7_2/5_1767711946895.json,2,7,PRICE,887.197534,785.851944,0.885769,887.197534,OPTIMAL,13,true,true
problems/7_2/6_1767711946895.json,2,7,DISTANCE,395.249308,287.898599,0.728397,395.249308,OPTIMAL,22,true,true
problems/7_2/6_1767711946895.json,2,7,PRICE,513.147540,377.681770,0.736010,513.147540,OPTIMAL,33,true,true
problems/7_2/7_1767711946895.json,2,7,DISTANCE,416.234201,241.404887,0.579974,416.234201,OPTIMAL,50,true,true
problems/7_2/7_1767711946895.json,2,7,PRICE,912.569597,360.460329,0.394995,912.569597,OPTIMAL,67,true,true
problems/7_2/8_1767711946895.json,2,7,DISTANCE,831.066216,759.318396,0.913668,831.066216,OPTIMAL,10,true,true
problems/7_2/8_1767711946895.json,2,7,PRICE,1369.777036,1245.588311,0.909337,1369.777036,OPTIMAL,11,true,true
problems/7_2/9_1767711946895.json,2,7,DISTANCE,1611.606764,1142.168818,0.708714,1611.606764,OPTIMAL,194,true,true
problems/7_2/9_1767711946895.json,2,7,PRICE,1947.965630,1641.767421,0.842811,1947.965630,OPTIMAL,15,true,true
problems/7_3/0_1767711946895.json,3,7,DISTANCE,1192.654152,696.394438,0.583903,1192.654152,OPTIMAL,1368,true,true
problems/7_3/0_1767711946895.json,3,7,PRICE,1301.143759,833.424807,0.640532,1301.143759,OPTIMAL,348,true,true
problems/7_3/1_1767711946895.json,3,7,DISTANCE,1382.122305,813.242661,0.588401,1382.122305,OPTIMAL,201,true,true
problems/7_3/1_1767711946895.json,3,7,PRICE,3020.388179,1906.133319,0.631089,3020.388179,OPTIMAL,283,true,true
problems/7_3/2_1767711946895.json,3,7,DISTANCE,2654.354909,1890.505842,0.712228,2654.354909,OPTIMAL,2357,true,true
problems/7_3/2_1767711946895.json,3,7,PRICE,3568.367192,2635.439652,0.738556,3568.367192,OPTIMAL,346,true,true
problems/7_3/3_1767711946895.json,3,7,DISTANCE,2063.611341,1148.382262,0.556492,2063.611341,OPTIMAL,2200,true,true
problems/7_3/3_1767711946895.json,3,7,PRICE,2542.095911,1508.997227,0.593604,2542.095911,OPTIMAL,1788,true,true
problems/7_3/4_1767711946895.json,3,7,DISTANCE,431.808953,330.457081,0.765285,431.808953,OPTIMAL,67,true,true
problems/7_3/4_1767711946895.json,3,7,PRICE,1107.094570,634.663817,0.573270,1107.094570,OPTIMAL,73,true,true
problems/7_3/5_1767711946895.json,3,7,DISTANCE,598.532508,258.779748,0.432357,598.532508,OPTIMAL,894,true,true
problems/7_3/5_1767711946895.json,3,7,PRICE,1125.144411,508.262542,0.451731,1125.144411,OPTIMAL,1247,true,true
problems/7_3/6_1767711946895.json,3,7,DISTANCE,795.209875,658.777748,0.828433,795.209875,OPTIMAL,53,true,true
problems/7_3/6_1767711946895.json,3,7,PRICE,918.641587,675.923964,0.735786,918.641587,OPTIMAL,52,true,true
problems/7_3/7_1767711946895.json,3,7,DISTANCE,1962.363178,1456.049122,0.741988,1962.363178,OPTIMAL,1071,true,true
problems/7_3/7_1767711946895.json,3,7,PRICE,2250.623057,1784.111142,0.792719,2250.623057,OPTIMAL,93,true,true
problems/7_3/8_1767711946895.json,3,7,DISTANCE,1480.652273,966.380359,0.652672,1480.652273,OPTIMAL,822,true,true
problems/7_3/8_1767711946895.json,3,7,PRICE,2256.760529,1645.881650,0.729312,2256.760529,OPTIMAL,480,true,true
problems/7_3/9_1767711946895.json,3,7,DISTANCE,1485.335442,889.151327,0.598620,1485.335442,OPTIMAL,321,true,true
problems/7_3/9_1767711946895.json,3,7,PRICE,2146.724416,1279.415216,0.595985,2146.724416,OPTIMAL,412,true,true
problems/7_4/0_1767711946895.json,4,7,DISTANCE,1803.929469,1121.694687,0.621806,1803.929469,OPTIMAL,184,true,true
problems/7_4/0_1767711946895.json,4,7,PRICE,3231.941899,2331.893242,0.721515,3231.941899,OPTIMAL,316,true,true
problems/7_4/1_1767711946895.json,4,7,DISTANCE,1304.276193,693.253880,0.531524,1304.276193,OPTIMAL,2868,true,true
problems/7_4/1_1767711946895.json,4,7,PRICE,1678.221119,1262.974202,0.752567,1678.221119,OPTIMAL,978,true,true
problems/7_4/2_1767711946895.json,4,7,DISTANCE,2938.434869,1176.840218,0.400499,2938.434869,OPTIMAL,3094,true,true
problems/7_4/2_1767711946895.json,4,7,PRICE,3781.006582,1522.516076,0.402675,3781.006582,OPTIMAL,1144,true,true
problems/7_4/3_1767711946895.json,4,7,DISTANCE,931.987743,399.770321,0.428944,931.987743,OPTIMAL,778,true,true
problems/7_4/3_1767711946895.json,4,7,PRICE,1196.421159,537.121299,0.448940,1196.421159,OPTIMAL,646,true,true
problems/7_4/4_1767711946895.json,4,7,DISTANCE,1401.892754,1066.323333,0.760631,1401.892754,OPTIMAL,130,true,true
problems/7_4/4_1767711946895.json,4,7,PRICE,2993.229414,1667.059955,0.556944,2993.229414,OPTIMAL,478,true,true
problems/7_4/5_1767711946895.json,4,7,DISTANCE,1983.969662,1390.045747,0.700639,1983.969662,OPTIMAL,2414,true,true
problems/7_4/5_1767711946895.json,4,7,PRICE,2634.775436,1470.138287,0.557975,2634.775436,OPTIMAL,1801,true,true
problems/7_4/6_1767711946895.json,4,7,DISTANCE,1453.978305,470.746444,0.323764,1453.978305,OPTIMAL,6039,true,true
problems/7_4/6_1767711946895.json,4,7,PRICE,2943.456573,911.771546,0.309762,2943.456573,OPTIMAL,4130,true,true
problems/7_4/7_1767711946895.json,4,7,DISTANCE,2917.358097,1805.883732,0.619013,2917.358097,OPTIMAL,2387,true,true
problems/7_4/7_1767711946895.json,4,7,PRICE,4744.840706,2936.206331,0.618821,4744.840706,OPTIMAL,2670,true,true
problems/7_4/8_1767711946895.json,4,7,DISTANCE,3499.297027,2268.180270,0.648182,3499.297027,OPTIMAL,369,true,true
problems/7_4/8_1767711946895.json,4,7,PRICE,4286.962579,3003.704406,0.700660,4286.962579,OPTIMAL,727,true,true
problems/7_4/9_1767711946895.json,4,7,DISTANCE,1140.249986,810.602918,0.710899,1140.249986,OPTIMAL,105,true,true
problems/7_4/9_1767711946895.json,4,7,PRICE,1596.528233,1021.801363,0.640015,1596.528233,OPTIMAL,83,true,true
problems/7_5/0_1767711946895.json,5,7,DISTANCE,1369.763679,957.044523,0.698693,1369.763679,OPTIMAL,2129,true,true
problems/7_5/0_1767711946895.json,5,7,PRICE,1878.869315,1226.520192,0.652797,1878.869315,OPTIMAL,1087,true,true
problems/7_5/1_1767711946895.json,5,7,DISTANCE,2174.144580,1531.194177,0.704274,2174.144580,OPTIMAL,7913,true,true
problems/7_5/1_1767711946895.json,5,7,PRICE,2599.770082,1933.470130,0.743708,2599.770082,OPTIMAL,1438,true,true
problems/7_5/2_1767711946895.json,5,7,DISTANCE,1444.567024,1006.348940,0.696644,1444.567024,OPTIMAL,269,true,true
problems/7_5/2_1767711946895.json,5,7,PRICE,2402.245365,1355.031998,0.564069,2402.245365,OPTIMAL,786,true,true
problems/7_5/3_1767711946895.json,5,7,DISTANCE,3241.767904,2534.617883,0.781863,3241.767904,OPTIMAL,3169,true,true
problems/7_5/3_1767711946895.json,5,7,PRICE,5350.091229,3690.399251,0.689782,5350.091229,OPTIMAL,1284,true,true
problems/7_5/4_1767711946895.json,5,7,DISTANCE,1274.891197,1097.348756,0.860739,1274.891197,OPTIMAL,184,true,true
problems/7_5/4_1767711946895.json,5,7,PRICE,2152.035911,1884.957876,0.875895,2152.035911,OPTIMAL,218,true,true
problems/7_5/5_1767711946895.json,5,7,DISTANCE,1388.414725,839.443394,0.604606,1388.414725,OPTIMAL,4694,true,true
problems/7_5/5_1767711946895.json,5,7,PRICE,2778.741008,1598.315933,0.575194,2778.741008,OPTIMAL,4081,true,true
problems/7_5/6_1767711946895.json,5,7,DISTANCE,3479.783783,2920.532403,0.839286,3479.783783,OPTIMAL,1827,true,true
problems/7_5/6_1767711946895.json,5,7,PRICE,4412.037769,3909.447705,0.886087,4412.037769,OPTIMAL,518,true,true
problems/7_5/7_1767711946895.json,5,7,DISTANCE,1867.036538,1115.787132,0.597625,1867.036538,OPTIMAL,446,true,true
problems/7_5/7_1767711946895.json,5,7,PRICE,2587.568333,1418.667605,0.548263,2587.568333,OPTIMAL,571,true,true
problems/7_5/8_1767711946895.json,5,7,DISTANCE,2832.254109,2018.510952,0.712687,2832.254109,OPTIMAL,3521,true,true
problems/7_5/8_1767711946895.json,5,7,PRICE,3860.155492,2919.356689,0.756280,3860.155492,OPTIMAL,1906,true,true
problems/7_5/9_1767711946895.json,5,7,DISTANCE,1639.438851,1192.565951,0.727423,1639.438851,OPTIMAL,3146,true,true
problems/7_5/9_1767711946895.json,5,7,PRICE,2085.476333,1475.761795,0.707638,2085.476333,OPTIMAL,1035,true,true
problems/7_6/0_1767711946895.json,6,7,DISTANCE,1966.598064,1206.029387,0.613257,1966.598064,OPTIMAL,14853,true,true
problems/7_6/0_1767711946895.json,6,7,PRICE,2866.478873,1634.161841,0.570094,2866.478873,OPTIMAL,10915,true,true
problems/7_6/1_1767711946895.json,6,7,DISTANCE,3351.388651,2471.938787,0.737586,3351.388651,OPTIMAL,12800,true,true
problems/7_6/1_1767711946895.json,6,7,PRICE,4289.807173,3393.200467,0.790991,4289.807173,OPTIMAL,3837,true,true
problems/7_6/2_1767711946895.json,6,7,DISTANCE,2072.384591,1202.266547,0.580137,2072.384591,OPTIMAL,18159,true,true
problems/7_6/2_1767711946895.json,6,7,PRICE,2714.140572,1303.587484,0.480295,2714.140572,OPTIMAL,33673,true,true
problems/7_6/3_1767711946895.json,6,7,DISTANCE,1992.990070,1577.972559,0.791761,1992.990070,OPTIMAL,4740,true,true
problems/7_6/3_1767711946895.json,6,7,PRICE,2176.671835,1749.295456,0.803656,2176.671835,OPTIMAL,2497,true,true
problems/7_6/4_1767711946895.json,6,7,DISTANCE,1840.037826,974.325064,0.529514,1840.037826,OPTIMAL,5750,true,true
problems/7_6/4_1767711946895.json,6,7,PRICE,2505.719233,1372.253021,0.547648,2505.719233,OPTIMAL,4376,true,true
problems/7_6/5_1767711946895.json,6,7,DISTANCE,2897.765030,2104.248505,0.726163,2897.765030,OPTIMAL,6552,true,true
problems/7_6/5_1767711946895.json,6,7,PRICE,4210.396378,3028.958860,0.719400,4210.396378,OPTIMAL,4166,true,true
problems/7_6/6_1767711946895.json,6,7,DISTANCE,3679.251110,2763.952145,0.751227,3679.251110,OPTIMAL,21306,true,true
problems/7_6/6_1767711946895.json,6,7,PRICE,4635.898629,3617.496106,0.780323,4635.898629,OPTIMAL,6812,true,true
problems/7_6/7_1767711946895.json,6,7,DISTANCE,2135.389812,1629.359157,0.763027,2135.389812,OPTIMAL,10562,true,true
problems/7_6/7_1767711946895.json,6,7,PRICE,3959.774841,2975.977209,0.751552,3959.774841,OPTIMAL,8552,true,true
problems/7_6/8_1767711946895.json,6,7,DISTANCE,2719.656547,1722.129783,0.633216,2719.656547,OPTIMAL,3207,true,true
problems/7_6/8_1767711946895.json,6,7,PRICE,4183.504228,2614.361348,0.624921,4183.504228,OPTIMAL,4142,true,true
problems/7_6/9_1767711946895.json,6,7,DISTANCE,2516.879669,1882.759463,0.748053,2516.879669,OPTIMAL,8091,true,true
problems/7_6/9_1767711946895.json,6,7,PRICE,3832.656301,2627.893938,0.685659,3832.656301,OPTIMAL,6815,true,true
problems/7_7/0_1767711946895.json,7,7,DISTANCE,3319.850743,2298.915541,0.692476,3319.850743,OPTIMAL,52725,true,true
problems/7_7/0_1767711946895.json,7,7,PRICE,4731.307410,3597.500074,0.760361,4731.307410,OPTIMAL,9571,true,true
problems/7_7/1_1767711946895.json,7,7,DISTANCE,4072.997412,2752.835032,0.675874,4072.997412,OPTIMAL,27730,true,true
problems/7_7/1_1767711946895.json,7,7,PRICE,4360.974816,3122.138610,0.715927,4360.974816,OPTIMAL,2796,true,true
problems/7_7/2_1767711946895.json,7,7,DISTANCE,2724.286887,2294.782023,0.842342,2724.286887,OPTIMAL,5712,true,true
problems/7_7/2_1767711946895.json,7,7,PRICE,3690.563664,3283.266782,0.889638,3690.563664,OPTIMAL,1495,true,true
problems/7_7/3_1767711946895.json,7,7,DISTANCE,2820.452665,1872.598430,0.663935,2820.452665,OPTIMAL,17138,true,true
problems/7_7/3_1767711946895.json,7,7,PRICE,3696.014930,2720.930130,0.736179,3696.014930,OPTIMAL,4043,true,true
problems/7_7/4_1767711946895.json,7,7,DISTANCE,2566.030815,1493.377422,0.581980,2574.286427,TIMEDOUT,60003,true,false
problems/7_7/4_1767711946895.json,7,7,PRICE,2772.085161,1702.060891,0.614000,2772.085161,OPTIMAL,56326,true,true
problems/7_7/5_1767711946895.json,7,7,DISTANCE,1709.131249,1221.614858,0.714758,1709.131249,OPTIMAL,31837,true,true
problems/7_7/5_1767711946895.json,7,7,PRICE,1894.108248,1438.761025,0.759598,1894.108248,OPTIMAL,5409,true,true
problems/7_7/6_1767711946895.json,7,7,DISTANCE,2280.358298,1670.831931,0.732706,2280.358298,OPTIMAL,16435,true,true
problems/7_7/6_1767711946895.json,7,7,PRICE,3830.001245,2895.457816,0.755994,3830.001245,OPTIMAL,5108,true,true
problems/7_7/7_1767711946895.json,7,7,DISTANCE,3660.933288,2663.747181,0.727614,3660.933288,OPTIMAL,17140,true,true
problems/7_7/7_1767711946895.json,7,7,PRICE,4081.407900,3406.397475,0.834613,4081.407900,OPTIMAL,3901,true,true
problems/7_7/8_1767711946895.json,7,7,DISTANCE,1537.626409,950.440603,0.618122,1537.626409,OPTIMAL,39663,true,true
problems/7_7/8_1767711946895.json,7,7,PRICE,1969.445901,1416.953609,0.719468,1969.445901,OPTIMAL,7325,true,true
problems/7_7/9_1767711946895.json,7,7,DISTANCE,2549.768754,1479.491971,0.580246,2549.768754,OPTIMAL,27359,true,true
problems/7_7/9_1767711946895.json,7,7,PRICE,2884.838481,1955.586999,0.677884,2884.838481,OPTIMAL,6753,true,true
